image_id,boxes,class,score,xmin,ymin,xmax,ymax
107_jpg.rf.129c7fe690bc2009a95907c831bc600d.jpg,"[39, 250, 145, 424]",rickshaw,0.77,39,250,145,424
107_jpg.rf.129c7fe690bc2009a95907c831bc600d.jpg,"[112, 215, 253, 259]",bus,0.31,112,215,253,259
119_jpg.rf.75aa994897315294e56fdca3832ff942.jpg,"[162, 196, 258, 264]",three wheelers (CNG),0.94,162,196,258,264
119_jpg.rf.75aa994897315294e56fdca3832ff942.jpg,"[402, 199, 512, 272]",rickshaw,0.87,402,199,512,272
119_jpg.rf.75aa994897315294e56fdca3832ff942.jpg,"[77, 173, 128, 192]",bus,0.82,77,173,128,192
119_jpg.rf.75aa994897315294e56fdca3832ff942.jpg,"[135, 169, 331, 224]",bus,0.81,135,169,331,224
119_jpg.rf.75aa994897315294e56fdca3832ff942.jpg,"[40, 189, 94, 214]",sedan,0.72,40,189,94,214
119_jpg.rf.75aa994897315294e56fdca3832ff942.jpg,"[253, 217, 414, 294]",sedan,0.68,253,217,414,294
119_jpg.rf.75aa994897315294e56fdca3832ff942.jpg,"[4, 172, 50, 188]",bus,0.68,4,172,50,188
119_jpg.rf.75aa994897315294e56fdca3832ff942.jpg,"[96, 191, 167, 250]",rickshaw,0.65,96,191,167,250
141_jpg.rf.95f3dc42bfedb21b0d1b229c7c760a06.jpg,"[188, 234, 282, 352]",motorbike,0.91,188,234,282,352
141_jpg.rf.95f3dc42bfedb21b0d1b229c7c760a06.jpg,"[56, 208, 179, 275]",van,0.78,56,208,179,275
141_jpg.rf.95f3dc42bfedb21b0d1b229c7c760a06.jpg,"[141, 187, 184, 210]",bus,0.7,141,187,184,210
142_jpg.rf.c77ff742167b1229eac24d0cf8b10118.jpg,"[431, 190, 512, 296]",sedan,0.88,431,190,512,296
142_jpg.rf.c77ff742167b1229eac24d0cf8b10118.jpg,"[243, 159, 493, 206]",bus,0.8,243,159,493,206
142_jpg.rf.c77ff742167b1229eac24d0cf8b10118.jpg,"[257, 198, 450, 266]",sedan,0.69,257,198,450,266
142_jpg.rf.c77ff742167b1229eac24d0cf8b10118.jpg,"[193, 193, 268, 264]",motorbike,0.55,193,193,268,264
142_jpg.rf.c77ff742167b1229eac24d0cf8b10118.jpg,"[190, 177, 282, 225]",van,0.51,190,177,282,225
142_jpg.rf.c77ff742167b1229eac24d0cf8b10118.jpg,"[0, 209, 250, 380]",three wheelers (CNG),0.35,0,209,250,380
150_jpg.rf.33ac93a4349681b216e600cd7e3dbbdc.jpg,"[251, 164, 289, 227]",auto rickshaw,0.92,251,164,289,227
150_jpg.rf.33ac93a4349681b216e600cd7e3dbbdc.jpg,"[335, 178, 351, 202]",rickshaw,0.82,335,178,351,202
150_jpg.rf.33ac93a4349681b216e600cd7e3dbbdc.jpg,"[309, 180, 319, 191]",sedan,0.79,309,180,319,191
150_jpg.rf.33ac93a4349681b216e600cd7e3dbbdc.jpg,"[220, 177, 235, 211]",bicycle,0.65,220,177,235,211
150_jpg.rf.33ac93a4349681b216e600cd7e3dbbdc.jpg,"[165, 182, 180, 197]",bicycle,0.48,165,182,180,197
155_jpg.rf.f762f4c5d1f87e8885c7cb211661e68d.jpg,"[83, 176, 220, 257]",bus,0.88,83,176,220,257
155_jpg.rf.f762f4c5d1f87e8885c7cb211661e68d.jpg,"[8, 208, 52, 256]",rickshaw,0.78,8,208,52,256
155_jpg.rf.f762f4c5d1f87e8885c7cb211661e68d.jpg,"[318, 186, 368, 244]",auto rickshaw,0.36,318,186,368,244
178_jpg.rf.7884df6837f5d9f80de51025a910057e.jpg,"[83, 191, 153, 421]",bicycle,0.65,83,191,153,421
178_jpg.rf.7884df6837f5d9f80de51025a910057e.jpg,"[81, 265, 152, 424]",bicycle,0.55,81,265,152,424
178_jpg.rf.7884df6837f5d9f80de51025a910057e.jpg,"[237, 214, 246, 242]",motorbike,0.53,237,214,246,242
178_jpg.rf.7884df6837f5d9f80de51025a910057e.jpg,"[248, 218, 258, 248]",motorbike,0.51,248,218,258,248
178_jpg.rf.7884df6837f5d9f80de51025a910057e.jpg,"[269, 204, 324, 264]",minivan,0.41,269,204,324,264
178_jpg.rf.7884df6837f5d9f80de51025a910057e.jpg,"[267, 204, 324, 264]",van,0.36,267,204,324,264
192_jpg.rf.79143673a953757439bb1fbbe66ca564.jpg,"[102, 166, 307, 331]",truck,0.71,102,166,307,331
202_png.rf.82acdd734bd3d3c199548259fef0e4e2.jpg,"[174, 136, 231, 222]",bus,0.89,174,136,231,222
202_png.rf.82acdd734bd3d3c199548259fef0e4e2.jpg,"[121, 216, 239, 404]",sedan,0.86,121,216,239,404
202_png.rf.82acdd734bd3d3c199548259fef0e4e2.jpg,"[160, 186, 198, 224]",three wheelers (CNG),0.79,160,186,198,224
202_png.rf.82acdd734bd3d3c199548259fef0e4e2.jpg,"[133, 179, 160, 256]",rickshaw,0.74,133,179,160,256
202_png.rf.82acdd734bd3d3c199548259fef0e4e2.jpg,"[338, 183, 446, 306]",van,0.63,338,183,446,306
202_png.rf.82acdd734bd3d3c199548259fef0e4e2.jpg,"[421, 140, 512, 318]",pickup,0.61,421,140,512,318
202_png.rf.82acdd734bd3d3c199548259fef0e4e2.jpg,"[266, 221, 424, 393]",van,0.59,266,221,424,393
202_png.rf.82acdd734bd3d3c199548259fef0e4e2.jpg,"[264, 221, 424, 394]",minivan,0.53,264,221,424,394
202_png.rf.82acdd734bd3d3c199548259fef0e4e2.jpg,"[208, 180, 286, 279]",minibus,0.45,208,180,286,279
202_png.rf.82acdd734bd3d3c199548259fef0e4e2.jpg,"[146, 145, 177, 186]",minibus,0.32,146,145,177,186
206_jpg.rf.8cc218e2863009444c434aec43158d17.jpg,"[383, 223, 414, 286]",rickshaw,0.86,383,223,414,286
206_jpg.rf.8cc218e2863009444c434aec43158d17.jpg,"[392, 166, 450, 194]",sedan,0.85,392,166,450,194
206_jpg.rf.8cc218e2863009444c434aec43158d17.jpg,"[361, 188, 425, 239]",sedan,0.83,361,188,425,239
206_jpg.rf.8cc218e2863009444c434aec43158d17.jpg,"[75, 132, 91, 161]",three wheelers (CNG),0.82,75,132,91,161
206_jpg.rf.8cc218e2863009444c434aec43158d17.jpg,"[106, 153, 131, 185]",sedan,0.81,106,153,131,185
206_jpg.rf.8cc218e2863009444c434aec43158d17.jpg,"[374, 283, 403, 365]",rickshaw,0.8,374,283,403,365
206_jpg.rf.8cc218e2863009444c434aec43158d17.jpg,"[405, 257, 449, 328]",rickshaw,0.79,405,257,449,328
206_jpg.rf.8cc218e2863009444c434aec43158d17.jpg,"[0, 222, 22, 277]",sedan,0.78,0,222,22,277
206_jpg.rf.8cc218e2863009444c434aec43158d17.jpg,"[32, 184, 61, 218]",sedan,0.78,32,184,61,218
206_jpg.rf.8cc218e2863009444c434aec43158d17.jpg,"[63, 194, 104, 244]",sedan,0.76,63,194,104,244
206_jpg.rf.8cc218e2863009444c434aec43158d17.jpg,"[196, 283, 230, 350]",rickshaw,0.74,196,283,230,350
206_jpg.rf.8cc218e2863009444c434aec43158d17.jpg,"[460, 128, 486, 156]",sedan,0.72,460,128,486,156
206_jpg.rf.8cc218e2863009444c434aec43158d17.jpg,"[229, 293, 256, 362]",rickshaw,0.72,229,293,256,362
206_jpg.rf.8cc218e2863009444c434aec43158d17.jpg,"[195, 414, 286, 511]",suv,0.66,195,414,286,511
206_jpg.rf.8cc218e2863009444c434aec43158d17.jpg,"[94, 355, 215, 496]",minivan,0.65,94,355,215,496
206_jpg.rf.8cc218e2863009444c434aec43158d17.jpg,"[156, 313, 188, 368]",rickshaw,0.63,156,313,188,368
206_jpg.rf.8cc218e2863009444c434aec43158d17.jpg,"[63, 195, 105, 246]",minivan,0.62,63,195,105,246
206_jpg.rf.8cc218e2863009444c434aec43158d17.jpg,"[215, 206, 279, 255]",minivan,0.62,215,206,279,255
206_jpg.rf.8cc218e2863009444c434aec43158d17.jpg,"[333, 385, 379, 511]",rickshaw,0.62,333,385,379,511
206_jpg.rf.8cc218e2863009444c434aec43158d17.jpg,"[87, 171, 119, 209]",sedan,0.61,87,171,119,209
206_jpg.rf.8cc218e2863009444c434aec43158d17.jpg,"[16, 224, 72, 298]",minivan,0.61,16,224,72,298
206_jpg.rf.8cc218e2863009444c434aec43158d17.jpg,"[183, 251, 252, 303]",sedan,0.61,183,251,252,303
206_jpg.rf.8cc218e2863009444c434aec43158d17.jpg,"[137, 220, 211, 295]",minivan,0.6,137,220,211,295
206_jpg.rf.8cc218e2863009444c434aec43158d17.jpg,"[40, 305, 129, 402]",sedan,0.59,40,305,129,402
206_jpg.rf.8cc218e2863009444c434aec43158d17.jpg,"[310, 244, 340, 308]",rickshaw,0.56,310,244,340,308
206_jpg.rf.8cc218e2863009444c434aec43158d17.jpg,"[0, 393, 60, 509]",suv,0.55,0,393,60,509
206_jpg.rf.8cc218e2863009444c434aec43158d17.jpg,"[69, 159, 98, 193]",sedan,0.51,69,159,98,193
206_jpg.rf.8cc218e2863009444c434aec43158d17.jpg,"[191, 389, 224, 481]",rickshaw,0.46,191,389,224,481
206_jpg.rf.8cc218e2863009444c434aec43158d17.jpg,"[0, 184, 25, 219]",minivan,0.44,0,184,25,219
206_jpg.rf.8cc218e2863009444c434aec43158d17.jpg,"[10, 126, 34, 143]",sedan,0.42,10,126,34,143
206_jpg.rf.8cc218e2863009444c434aec43158d17.jpg,"[419, 184, 486, 238]",minivan,0.41,419,184,486,238
206_jpg.rf.8cc218e2863009444c434aec43158d17.jpg,"[49, 143, 76, 171]",minivan,0.39,49,143,76,171
206_jpg.rf.8cc218e2863009444c434aec43158d17.jpg,"[264, 283, 298, 338]",rickshaw,0.37,264,283,298,338
206_jpg.rf.8cc218e2863009444c434aec43158d17.jpg,"[276, 231, 337, 270]",sedan,0.36,276,231,337,270
206_jpg.rf.8cc218e2863009444c434aec43158d17.jpg,"[119, 425, 175, 508]",rickshaw,0.36,119,425,175,508
206_jpg.rf.8cc218e2863009444c434aec43158d17.jpg,"[0, 157, 26, 192]",suv,0.35,0,157,26,192
206_jpg.rf.8cc218e2863009444c434aec43158d17.jpg,"[269, 203, 338, 256]",van,0.35,269,203,338,256
206_jpg.rf.8cc218e2863009444c434aec43158d17.jpg,"[347, 283, 369, 331]",motorbike,0.33,347,283,369,331
206_jpg.rf.8cc218e2863009444c434aec43158d17.jpg,"[83, 132, 99, 160]",three wheelers (CNG),0.33,83,132,99,160
206_jpg.rf.8cc218e2863009444c434aec43158d17.jpg,"[127, 122, 141, 138]",three wheelers (CNG),0.32,127,122,141,138
206_jpg.rf.8cc218e2863009444c434aec43158d17.jpg,"[421, 186, 485, 235]",van,0.31,421,186,485,235
206_jpg.rf.8cc218e2863009444c434aec43158d17.jpg,"[266, 198, 338, 254]",minivan,0.3,266,198,338,254
206_jpg.rf.8cc218e2863009444c434aec43158d17.jpg,"[45, 162, 72, 192]",sedan,0.3,45,162,72,192
209_jpg.rf.cf7d52d181c20485662e0fcc774d276e.jpg,"[271, 367, 324, 474]",sedan,0.95,271,367,324,474
209_jpg.rf.cf7d52d181c20485662e0fcc774d276e.jpg,"[323, 306, 402, 509]",bus,0.93,323,306,402,509
209_jpg.rf.cf7d52d181c20485662e0fcc774d276e.jpg,"[134, 428, 223, 512]",sedan,0.92,134,428,223,512
209_jpg.rf.cf7d52d181c20485662e0fcc774d276e.jpg,"[331, 202, 347, 221]",three wheelers (CNG),0.89,331,202,347,221
209_jpg.rf.cf7d52d181c20485662e0fcc774d276e.jpg,"[406, 272, 434, 296]",sedan,0.81,406,272,434,296
209_jpg.rf.cf7d52d181c20485662e0fcc774d276e.jpg,"[210, 441, 283, 512]",sedan,0.81,210,441,283,512
209_jpg.rf.cf7d52d181c20485662e0fcc774d276e.jpg,"[208, 359, 268, 430]",sedan,0.8,208,359,268,430
209_jpg.rf.cf7d52d181c20485662e0fcc774d276e.jpg,"[112, 263, 134, 303]",sedan,0.8,112,263,134,303
209_jpg.rf.cf7d52d181c20485662e0fcc774d276e.jpg,"[460, 375, 511, 506]",pickup,0.77,460,375,511,506
209_jpg.rf.cf7d52d181c20485662e0fcc774d276e.jpg,"[316, 282, 345, 301]",sedan,0.71,316,282,345,301
209_jpg.rf.cf7d52d181c20485662e0fcc774d276e.jpg,"[84, 367, 129, 414]",sedan,0.69,84,367,129,414
209_jpg.rf.cf7d52d181c20485662e0fcc774d276e.jpg,"[295, 229, 317, 258]",sedan,0.66,295,229,317,258
209_jpg.rf.cf7d52d181c20485662e0fcc774d276e.jpg,"[111, 235, 134, 266]",three wheelers (CNG),0.66,111,235,134,266
209_jpg.rf.cf7d52d181c20485662e0fcc774d276e.jpg,"[311, 240, 336, 281]",sedan,0.65,311,240,336,281
209_jpg.rf.cf7d52d181c20485662e0fcc774d276e.jpg,"[248, 292, 292, 360]",minivan,0.62,248,292,292,360
209_jpg.rf.cf7d52d181c20485662e0fcc774d276e.jpg,"[275, 280, 306, 307]",sedan,0.59,275,280,306,307
209_jpg.rf.cf7d52d181c20485662e0fcc774d276e.jpg,"[208, 416, 251, 460]",sedan,0.58,208,416,251,460
209_jpg.rf.cf7d52d181c20485662e0fcc774d276e.jpg,"[439, 255, 474, 310]",human hauler,0.57,439,255,474,310
209_jpg.rf.cf7d52d181c20485662e0fcc774d276e.jpg,"[378, 227, 400, 245]",sedan,0.57,378,227,400,245
209_jpg.rf.cf7d52d181c20485662e0fcc774d276e.jpg,"[351, 221, 373, 248]",sedan,0.56,351,221,373,248
209_jpg.rf.cf7d52d181c20485662e0fcc774d276e.jpg,"[282, 259, 311, 280]",sedan,0.56,282,259,311,280
209_jpg.rf.cf7d52d181c20485662e0fcc774d276e.jpg,"[203, 202, 217, 224]",sedan,0.55,203,202,217,224
209_jpg.rf.cf7d52d181c20485662e0fcc774d276e.jpg,"[20, 240, 114, 377]",bus,0.54,20,240,114,377
209_jpg.rf.cf7d52d181c20485662e0fcc774d276e.jpg,"[365, 291, 395, 308]",sedan,0.5,365,291,395,308
209_jpg.rf.cf7d52d181c20485662e0fcc774d276e.jpg,"[436, 336, 471, 400]",sedan,0.5,436,336,471,400
209_jpg.rf.cf7d52d181c20485662e0fcc774d276e.jpg,"[417, 298, 454, 338]",sedan,0.48,417,298,454,338
209_jpg.rf.cf7d52d181c20485662e0fcc774d276e.jpg,"[402, 188, 416, 202]",sedan,0.47,402,188,416,202
209_jpg.rf.cf7d52d181c20485662e0fcc774d276e.jpg,"[332, 257, 359, 296]",sedan,0.46,332,257,359,296
209_jpg.rf.cf7d52d181c20485662e0fcc774d276e.jpg,"[295, 299, 338, 362]",minivan,0.45,295,299,338,362
209_jpg.rf.cf7d52d181c20485662e0fcc774d276e.jpg,"[325, 219, 350, 243]",sedan,0.42,325,219,350,243
209_jpg.rf.cf7d52d181c20485662e0fcc774d276e.jpg,"[401, 181, 416, 198]",sedan,0.41,401,181,416,198
209_jpg.rf.cf7d52d181c20485662e0fcc774d276e.jpg,"[407, 232, 431, 270]",suv,0.4,407,232,431,270
209_jpg.rf.cf7d52d181c20485662e0fcc774d276e.jpg,"[250, 293, 293, 362]",sedan,0.39,250,293,293,362
209_jpg.rf.cf7d52d181c20485662e0fcc774d276e.jpg,"[312, 207, 329, 233]",sedan,0.35,312,207,329,233
209_jpg.rf.cf7d52d181c20485662e0fcc774d276e.jpg,"[83, 366, 127, 422]",sedan,0.35,83,366,127,422
209_jpg.rf.cf7d52d181c20485662e0fcc774d276e.jpg,"[185, 211, 206, 233]",sedan,0.35,185,211,206,233
209_jpg.rf.cf7d52d181c20485662e0fcc774d276e.jpg,"[364, 266, 393, 299]",suv,0.35,364,266,393,299
209_jpg.rf.cf7d52d181c20485662e0fcc774d276e.jpg,"[319, 187, 335, 203]",sedan,0.33,319,187,335,203
209_jpg.rf.cf7d52d181c20485662e0fcc774d276e.jpg,"[343, 239, 365, 258]",sedan,0.33,343,239,365,258
209_jpg.rf.cf7d52d181c20485662e0fcc774d276e.jpg,"[363, 200, 386, 225]",suv,0.32,363,200,386,225
209_jpg.rf.cf7d52d181c20485662e0fcc774d276e.jpg,"[361, 200, 386, 226]",van,0.31,361,200,386,226
214_jpg.rf.62c8eb24486956a4ff8fa12c22bfdac3.jpg,"[368, 441, 493, 512]",rickshaw,0.89,368,441,493,512
214_jpg.rf.62c8eb24486956a4ff8fa12c22bfdac3.jpg,"[69, 228, 148, 306]",rickshaw,0.85,69,228,148,306
214_jpg.rf.62c8eb24486956a4ff8fa12c22bfdac3.jpg,"[447, 97, 478, 133]",rickshaw,0.8,447,97,478,133
214_jpg.rf.62c8eb24486956a4ff8fa12c22bfdac3.jpg,"[196, 256, 323, 358]",rickshaw,0.72,196,256,323,358
214_jpg.rf.62c8eb24486956a4ff8fa12c22bfdac3.jpg,"[113, 200, 167, 275]",rickshaw,0.7,113,200,167,275
214_jpg.rf.62c8eb24486956a4ff8fa12c22bfdac3.jpg,"[318, 143, 363, 198]",rickshaw,0.69,318,143,363,198
214_jpg.rf.62c8eb24486956a4ff8fa12c22bfdac3.jpg,"[192, 437, 321, 510]",rickshaw,0.69,192,437,321,510
214_jpg.rf.62c8eb24486956a4ff8fa12c22bfdac3.jpg,"[74, 199, 123, 256]",rickshaw,0.69,74,199,123,256
214_jpg.rf.62c8eb24486956a4ff8fa12c22bfdac3.jpg,"[437, 82, 455, 107]",rickshaw,0.67,437,82,455,107
214_jpg.rf.62c8eb24486956a4ff8fa12c22bfdac3.jpg,"[301, 235, 397, 348]",rickshaw,0.66,301,235,397,348
214_jpg.rf.62c8eb24486956a4ff8fa12c22bfdac3.jpg,"[412, 134, 454, 186]",rickshaw,0.64,412,134,454,186
214_jpg.rf.62c8eb24486956a4ff8fa12c22bfdac3.jpg,"[441, 216, 512, 300]",sedan,0.62,441,216,512,300
214_jpg.rf.62c8eb24486956a4ff8fa12c22bfdac3.jpg,"[0, 434, 85, 512]",pickup,0.61,0,434,85,512
214_jpg.rf.62c8eb24486956a4ff8fa12c22bfdac3.jpg,"[487, 81, 501, 111]",rickshaw,0.57,487,81,501,111
214_jpg.rf.62c8eb24486956a4ff8fa12c22bfdac3.jpg,"[1, 226, 48, 270]",rickshaw,0.56,1,226,48,270
214_jpg.rf.62c8eb24486956a4ff8fa12c22bfdac3.jpg,"[0, 184, 46, 219]",pickup,0.56,0,184,46,219
214_jpg.rf.62c8eb24486956a4ff8fa12c22bfdac3.jpg,"[474, 89, 491, 120]",rickshaw,0.52,474,89,491,120
214_jpg.rf.62c8eb24486956a4ff8fa12c22bfdac3.jpg,"[291, 160, 341, 242]",rickshaw,0.51,291,160,341,242
214_jpg.rf.62c8eb24486956a4ff8fa12c22bfdac3.jpg,"[223, 154, 271, 206]",rickshaw,0.5,223,154,271,206
214_jpg.rf.62c8eb24486956a4ff8fa12c22bfdac3.jpg,"[386, 242, 452, 317]",rickshaw,0.5,386,242,452,317
214_jpg.rf.62c8eb24486956a4ff8fa12c22bfdac3.jpg,"[102, 322, 172, 403]",rickshaw,0.5,102,322,172,403
214_jpg.rf.62c8eb24486956a4ff8fa12c22bfdac3.jpg,"[342, 193, 399, 265]",rickshaw,0.45,342,193,399,265
214_jpg.rf.62c8eb24486956a4ff8fa12c22bfdac3.jpg,"[279, 362, 372, 437]",rickshaw,0.42,279,362,372,437
214_jpg.rf.62c8eb24486956a4ff8fa12c22bfdac3.jpg,"[101, 302, 170, 404]",rickshaw,0.41,101,302,170,404
214_jpg.rf.62c8eb24486956a4ff8fa12c22bfdac3.jpg,"[367, 153, 426, 206]",rickshaw,0.41,367,153,426,206
214_jpg.rf.62c8eb24486956a4ff8fa12c22bfdac3.jpg,"[0, 234, 52, 323]",rickshaw,0.39,0,234,52,323
214_jpg.rf.62c8eb24486956a4ff8fa12c22bfdac3.jpg,"[483, 156, 512, 181]",sedan,0.38,483,156,512,181
214_jpg.rf.62c8eb24486956a4ff8fa12c22bfdac3.jpg,"[293, 154, 344, 227]",rickshaw,0.37,293,154,344,227
214_jpg.rf.62c8eb24486956a4ff8fa12c22bfdac3.jpg,"[332, 427, 401, 491]",rickshaw,0.34,332,427,401,491
214_jpg.rf.62c8eb24486956a4ff8fa12c22bfdac3.jpg,"[22, 285, 75, 364]",rickshaw,0.32,22,285,75,364
22_jpg.rf.a6e1426593e9c7fc574f8d85cc51714f.jpg,"[322, 256, 439, 340]",rickshaw,0.82,322,256,439,340
22_jpg.rf.a6e1426593e9c7fc574f8d85cc51714f.jpg,"[254, 256, 303, 297]",rickshaw,0.72,254,256,303,297
22_jpg.rf.a6e1426593e9c7fc574f8d85cc51714f.jpg,"[98, 233, 241, 283]",bus,0.71,98,233,241,283
22_jpg.rf.a6e1426593e9c7fc574f8d85cc51714f.jpg,"[309, 254, 347, 305]",rickshaw,0.66,309,254,347,305
22_jpg.rf.a6e1426593e9c7fc574f8d85cc51714f.jpg,"[191, 262, 263, 318]",rickshaw,0.66,191,262,263,318
22_jpg.rf.a6e1426593e9c7fc574f8d85cc51714f.jpg,"[143, 263, 191, 311]",rickshaw,0.56,143,263,191,311
22_jpg.rf.a6e1426593e9c7fc574f8d85cc51714f.jpg,"[79, 276, 131, 326]",sedan,0.43,79,276,131,326
22_jpg.rf.a6e1426593e9c7fc574f8d85cc51714f.jpg,"[448, 249, 461, 267]",bicycle,0.33,448,249,461,267
235_jpg.rf.2a4acb971d61740af0942be1be789654.jpg,"[246, 299, 269, 315]",sedan,0.89,246,299,269,315
235_jpg.rf.2a4acb971d61740af0942be1be789654.jpg,"[287, 305, 343, 338]",sedan,0.87,287,305,343,338
235_jpg.rf.2a4acb971d61740af0942be1be789654.jpg,"[127, 297, 176, 326]",three wheelers (CNG),0.86,127,297,176,326
235_jpg.rf.2a4acb971d61740af0942be1be789654.jpg,"[158, 303, 232, 334]",sedan,0.84,158,303,232,334
235_jpg.rf.2a4acb971d61740af0942be1be789654.jpg,"[420, 304, 433, 327]",rickshaw,0.58,420,304,433,327
235_jpg.rf.2a4acb971d61740af0942be1be789654.jpg,"[209, 296, 249, 315]",sedan,0.52,209,296,249,315
235_jpg.rf.2a4acb971d61740af0942be1be789654.jpg,"[208, 295, 249, 316]",suv,0.5,208,295,249,316
235_jpg.rf.2a4acb971d61740af0942be1be789654.jpg,"[272, 300, 292, 327]",rickshaw,0.42,272,300,292,327
23_jpg.rf.034f68ba73d50f21a87d70d319b0de88.jpg,"[269, 230, 328, 334]",motorbike,0.92,269,230,328,334
23_jpg.rf.034f68ba73d50f21a87d70d319b0de88.jpg,"[95, 280, 134, 316]",motorbike,0.64,95,280,134,316
23_jpg.rf.034f68ba73d50f21a87d70d319b0de88.jpg,"[254, 252, 282, 288]",sedan,0.62,254,252,282,288
23_jpg.rf.034f68ba73d50f21a87d70d319b0de88.jpg,"[173, 253, 212, 321]",motorbike,0.42,173,253,212,321
23_jpg.rf.034f68ba73d50f21a87d70d319b0de88.jpg,"[96, 247, 134, 317]",motorbike,0.38,96,247,134,317
67_jpg.rf.a6922458efd37297eee3aeaafbad8fbc.jpg,"[178, 321, 201, 346]",sedan,0.9,178,321,201,346
67_jpg.rf.a6922458efd37297eee3aeaafbad8fbc.jpg,"[201, 271, 211, 285]",sedan,0.9,201,271,211,285
67_jpg.rf.a6922458efd37297eee3aeaafbad8fbc.jpg,"[319, 376, 361, 429]",sedan,0.89,319,376,361,429
67_jpg.rf.a6922458efd37297eee3aeaafbad8fbc.jpg,"[434, 413, 479, 491]",three wheelers (CNG),0.89,434,413,479,491
67_jpg.rf.a6922458efd37297eee3aeaafbad8fbc.jpg,"[86, 415, 141, 485]",sedan,0.83,86,415,141,485
67_jpg.rf.a6922458efd37297eee3aeaafbad8fbc.jpg,"[323, 333, 351, 364]",sedan,0.82,323,333,351,364
67_jpg.rf.a6922458efd37297eee3aeaafbad8fbc.jpg,"[19, 354, 33, 385]",rickshaw,0.81,19,354,33,385
67_jpg.rf.a6922458efd37297eee3aeaafbad8fbc.jpg,"[276, 296, 290, 319]",sedan,0.8,276,296,290,319
67_jpg.rf.a6922458efd37297eee3aeaafbad8fbc.jpg,"[74, 341, 108, 386]",sedan,0.77,74,341,108,386
67_jpg.rf.a6922458efd37297eee3aeaafbad8fbc.jpg,"[207, 298, 224, 318]",sedan,0.74,207,298,224,318
67_jpg.rf.a6922458efd37297eee3aeaafbad8fbc.jpg,"[248, 285, 278, 346]",bus,0.74,248,285,278,346
67_jpg.rf.a6922458efd37297eee3aeaafbad8fbc.jpg,"[179, 363, 213, 423]",minivan,0.7,179,363,213,423
67_jpg.rf.a6922458efd37297eee3aeaafbad8fbc.jpg,"[475, 329, 512, 378]",pickup,0.69,475,329,512,378
67_jpg.rf.a6922458efd37297eee3aeaafbad8fbc.jpg,"[3, 361, 22, 400]",rickshaw,0.68,3,361,22,400
67_jpg.rf.a6922458efd37297eee3aeaafbad8fbc.jpg,"[179, 281, 188, 297]",three wheelers (CNG),0.67,179,281,188,297
67_jpg.rf.a6922458efd37297eee3aeaafbad8fbc.jpg,"[13, 327, 49, 350]",sedan,0.65,13,327,49,350
67_jpg.rf.a6922458efd37297eee3aeaafbad8fbc.jpg,"[43, 311, 66, 334]",minivan,0.63,43,311,66,334
67_jpg.rf.a6922458efd37297eee3aeaafbad8fbc.jpg,"[114, 282, 131, 301]",sedan,0.62,114,282,131,301
67_jpg.rf.a6922458efd37297eee3aeaafbad8fbc.jpg,"[244, 268, 253, 279]",sedan,0.57,244,268,253,279
67_jpg.rf.a6922458efd37297eee3aeaafbad8fbc.jpg,"[248, 246, 256, 262]",bus,0.4,248,246,256,262
67_jpg.rf.a6922458efd37297eee3aeaafbad8fbc.jpg,"[192, 300, 199, 321]",motorbike,0.38,192,300,199,321
67_jpg.rf.a6922458efd37297eee3aeaafbad8fbc.jpg,"[32, 343, 50, 373]",rickshaw,0.35,32,343,50,373
67_jpg.rf.a6922458efd37297eee3aeaafbad8fbc.jpg,"[111, 281, 137, 298]",sedan,0.31,111,281,137,298
80_jpg.rf.e49a98cd2256c0194889641a0d816a8b.jpg,"[393, 377, 458, 468]",sedan,0.97,393,377,458,468
80_jpg.rf.e49a98cd2256c0194889641a0d816a8b.jpg,"[162, 436, 231, 511]",sedan,0.92,162,436,231,511
80_jpg.rf.e49a98cd2256c0194889641a0d816a8b.jpg,"[1, 439, 56, 512]",three wheelers (CNG),0.91,1,439,56,512
80_jpg.rf.e49a98cd2256c0194889641a0d816a8b.jpg,"[385, 236, 420, 282]",sedan,0.9,385,236,420,282
80_jpg.rf.e49a98cd2256c0194889641a0d816a8b.jpg,"[399, 170, 456, 255]",bus,0.9,399,170,456,255
80_jpg.rf.e49a98cd2256c0194889641a0d816a8b.jpg,"[112, 370, 181, 482]",pickup,0.88,112,370,181,482
80_jpg.rf.e49a98cd2256c0194889641a0d816a8b.jpg,"[262, 461, 345, 512]",sedan,0.87,262,461,345,512
80_jpg.rf.e49a98cd2256c0194889641a0d816a8b.jpg,"[458, 320, 512, 379]",sedan,0.87,458,320,512,379
80_jpg.rf.e49a98cd2256c0194889641a0d816a8b.jpg,"[26, 414, 87, 503]",sedan,0.8,26,414,87,503
80_jpg.rf.e49a98cd2256c0194889641a0d816a8b.jpg,"[485, 370, 512, 447]",sedan,0.77,485,370,512,447
80_jpg.rf.e49a98cd2256c0194889641a0d816a8b.jpg,"[357, 199, 384, 237]",sedan,0.76,357,199,384,237
80_jpg.rf.e49a98cd2256c0194889641a0d816a8b.jpg,"[204, 253, 232, 302]",three wheelers (CNG),0.76,204,253,232,302
80_jpg.rf.e49a98cd2256c0194889641a0d816a8b.jpg,"[0, 336, 27, 407]",suv,0.75,0,336,27,407
80_jpg.rf.e49a98cd2256c0194889641a0d816a8b.jpg,"[217, 315, 264, 372]",sedan,0.72,217,315,264,372
80_jpg.rf.e49a98cd2256c0194889641a0d816a8b.jpg,"[54, 261, 118, 398]",pickup,0.71,54,261,118,398
80_jpg.rf.e49a98cd2256c0194889641a0d816a8b.jpg,"[38, 230, 99, 309]",bus,0.7,38,230,99,309
80_jpg.rf.e49a98cd2256c0194889641a0d816a8b.jpg,"[23, 195, 82, 235]",bus,0.69,23,195,82,235
80_jpg.rf.e49a98cd2256c0194889641a0d816a8b.jpg,"[188, 266, 218, 307]",three wheelers (CNG),0.68,188,266,218,307
80_jpg.rf.e49a98cd2256c0194889641a0d816a8b.jpg,"[191, 294, 233, 335]",sedan,0.68,191,294,233,335
80_jpg.rf.e49a98cd2256c0194889641a0d816a8b.jpg,"[243, 227, 280, 263]",sedan,0.67,243,227,280,263
80_jpg.rf.e49a98cd2256c0194889641a0d816a8b.jpg,"[5, 236, 36, 266]",three wheelers (CNG),0.65,5,236,36,266
80_jpg.rf.e49a98cd2256c0194889641a0d816a8b.jpg,"[119, 294, 166, 353]",sedan,0.65,119,294,166,353
80_jpg.rf.e49a98cd2256c0194889641a0d816a8b.jpg,"[78, 349, 138, 442]",minivan,0.65,78,349,138,442
80_jpg.rf.e49a98cd2256c0194889641a0d816a8b.jpg,"[291, 336, 305, 394]",sedan,0.64,291,336,305,394
80_jpg.rf.e49a98cd2256c0194889641a0d816a8b.jpg,"[364, 258, 405, 316]",sedan,0.64,364,258,405,316
80_jpg.rf.e49a98cd2256c0194889641a0d816a8b.jpg,"[254, 410, 318, 495]",minivan,0.64,254,410,318,495
80_jpg.rf.e49a98cd2256c0194889641a0d816a8b.jpg,"[400, 146, 430, 166]",bus,0.63,400,146,430,166
80_jpg.rf.e49a98cd2256c0194889641a0d816a8b.jpg,"[17, 300, 49, 371]",three wheelers (CNG),0.62,17,300,49,371
80_jpg.rf.e49a98cd2256c0194889641a0d816a8b.jpg,"[330, 235, 371, 280]",sedan,0.61,330,235,371,280
80_jpg.rf.e49a98cd2256c0194889641a0d816a8b.jpg,"[451, 274, 486, 315]",minivan,0.57,451,274,486,315
80_jpg.rf.e49a98cd2256c0194889641a0d816a8b.jpg,"[86, 212, 144, 269]",bus,0.56,86,212,144,269
80_jpg.rf.e49a98cd2256c0194889641a0d816a8b.jpg,"[0, 289, 16, 337]",three wheelers (CNG),0.54,0,289,16,337
80_jpg.rf.e49a98cd2256c0194889641a0d816a8b.jpg,"[172, 328, 225, 424]",minivan,0.54,172,328,225,424
80_jpg.rf.e49a98cd2256c0194889641a0d816a8b.jpg,"[479, 257, 501, 299]",rickshaw,0.45,479,257,501,299
80_jpg.rf.e49a98cd2256c0194889641a0d816a8b.jpg,"[253, 411, 319, 496]",sedan,0.45,253,411,319,496
80_jpg.rf.e49a98cd2256c0194889641a0d816a8b.jpg,"[249, 243, 290, 282]",suv,0.42,249,243,290,282
80_jpg.rf.e49a98cd2256c0194889641a0d816a8b.jpg,"[202, 202, 231, 241]",three wheelers (CNG),0.41,202,202,231,241
80_jpg.rf.e49a98cd2256c0194889641a0d816a8b.jpg,"[97, 487, 178, 512]",sedan,0.4,97,487,178,512
80_jpg.rf.e49a98cd2256c0194889641a0d816a8b.jpg,"[160, 98, 194, 138]",bus,0.39,160,98,194,138
80_jpg.rf.e49a98cd2256c0194889641a0d816a8b.jpg,"[157, 323, 208, 370]",sedan,0.37,157,323,208,370
80_jpg.rf.e49a98cd2256c0194889641a0d816a8b.jpg,"[245, 277, 289, 328]",suv,0.33,245,277,289,328
80_jpg.rf.e49a98cd2256c0194889641a0d816a8b.jpg,"[121, 265, 175, 320]",suv,0.32,121,265,175,320
90_jpg.rf.0c20b8e4da1a9450fe62da48e659cbf8.jpg,"[203, 68, 237, 117]",bus,0.87,203,68,237,117
90_jpg.rf.0c20b8e4da1a9450fe62da48e659cbf8.jpg,"[182, 182, 270, 415]",bus,0.85,182,182,270,415
90_jpg.rf.0c20b8e4da1a9450fe62da48e659cbf8.jpg,"[53, 104, 120, 251]",bus,0.84,53,104,120,251
90_jpg.rf.0c20b8e4da1a9450fe62da48e659cbf8.jpg,"[124, 69, 159, 106]",bus,0.83,124,69,159,106
90_jpg.rf.0c20b8e4da1a9450fe62da48e659cbf8.jpg,"[282, 246, 364, 386]",suv,0.81,282,246,364,386
90_jpg.rf.0c20b8e4da1a9450fe62da48e659cbf8.jpg,"[209, 142, 226, 168]",three wheelers (CNG),0.8,209,142,226,168
90_jpg.rf.0c20b8e4da1a9450fe62da48e659cbf8.jpg,"[163, 60, 193, 120]",bus,0.76,163,60,193,120
90_jpg.rf.0c20b8e4da1a9450fe62da48e659cbf8.jpg,"[258, 388, 395, 511]",sedan,0.67,258,388,395,511
90_jpg.rf.0c20b8e4da1a9450fe62da48e659cbf8.jpg,"[155, 32, 170, 55]",bus,0.64,155,32,170,55
90_jpg.rf.0c20b8e4da1a9450fe62da48e659cbf8.jpg,"[171, 35, 189, 50]",bus,0.64,171,35,189,50
90_jpg.rf.0c20b8e4da1a9450fe62da48e659cbf8.jpg,"[121, 48, 148, 67]",bus,0.59,121,48,148,67
90_jpg.rf.0c20b8e4da1a9450fe62da48e659cbf8.jpg,"[302, 203, 337, 250]",three wheelers (CNG),0.52,302,203,337,250
90_jpg.rf.0c20b8e4da1a9450fe62da48e659cbf8.jpg,"[131, 18, 147, 28]",bus,0.4,131,18,147,28
90_jpg.rf.0c20b8e4da1a9450fe62da48e659cbf8.jpg,"[98, 150, 162, 245]",bus,0.35,98,150,162,245
90_jpg.rf.0c20b8e4da1a9450fe62da48e659cbf8.jpg,"[58, 357, 210, 512]",van,0.33,58,357,210,512
91_jpg.rf.d39599e60d707483c39454e9b955fbc3.jpg,"[64, 291, 118, 374]",three wheelers (CNG),0.97,64,291,118,374
91_jpg.rf.d39599e60d707483c39454e9b955fbc3.jpg,"[114, 289, 153, 332]",sedan,0.87,114,289,153,332
91_jpg.rf.d39599e60d707483c39454e9b955fbc3.jpg,"[190, 278, 198, 304]",motorbike,0.81,190,278,198,304
91_jpg.rf.d39599e60d707483c39454e9b955fbc3.jpg,"[20, 300, 66, 357]",psedan,0.47,20,300,66,357
91_jpg.rf.d39599e60d707483c39454e9b955fbc3.jpg,"[20, 300, 66, 357]",suv,0.36,20,300,66,357
91_jpg.rf.d39599e60d707483c39454e9b955fbc3.jpg,"[176, 280, 187, 295]",sedan,0.35,176,280,187,295
92_jpg.rf.05e99ff3ee2de52a3f4b6405e20f1a60.jpg,"[186, 173, 223, 217]",bus,0.91,186,173,223,217
92_jpg.rf.05e99ff3ee2de52a3f4b6405e20f1a60.jpg,"[181, 206, 250, 312]",psedan,0.78,181,206,250,312
92_jpg.rf.05e99ff3ee2de52a3f4b6405e20f1a60.jpg,"[242, 215, 266, 269]",psedan,0.77,242,215,266,269
92_jpg.rf.05e99ff3ee2de52a3f4b6405e20f1a60.jpg,"[140, 198, 183, 266]",minivan,0.69,140,198,183,266
92_jpg.rf.05e99ff3ee2de52a3f4b6405e20f1a60.jpg,"[408, 220, 437, 251]",three wheelers (CNG),0.52,408,220,437,251
92_jpg.rf.05e99ff3ee2de52a3f4b6405e20f1a60.jpg,"[182, 209, 251, 311]",sedan,0.49,182,209,251,311
92_jpg.rf.05e99ff3ee2de52a3f4b6405e20f1a60.jpg,"[432, 206, 511, 285]",suv,0.32,432,206,511,285
Asraf_08_jpg.rf.3a38e3280fbd58e67f17e8b5e7b776b0.jpg,"[158, 178, 412, 414]",suv,0.4,158,178,412,414
Asraf_08_jpg.rf.3a38e3280fbd58e67f17e8b5e7b776b0.jpg,"[418, 265, 488, 335]",suv,0.3,418,265,488,335
Asraf_20_jpg.rf.e6ca60c4e5f78d0b27f698c819f4d479.jpg,"[210, 178, 447, 512]",three wheelers (CNG),0.94,210,178,447,512
Asraf_20_jpg.rf.e6ca60c4e5f78d0b27f698c819f4d479.jpg,"[350, 116, 397, 193]",three wheelers (CNG),0.93,350,116,397,193
Asraf_20_jpg.rf.e6ca60c4e5f78d0b27f698c819f4d479.jpg,"[395, 116, 433, 181]",three wheelers (CNG),0.89,395,116,433,181
Asraf_20_jpg.rf.e6ca60c4e5f78d0b27f698c819f4d479.jpg,"[118, 140, 257, 355]",three wheelers (CNG),0.86,118,140,257,355
Asraf_20_jpg.rf.e6ca60c4e5f78d0b27f698c819f4d479.jpg,"[472, 116, 510, 162]",three wheelers (CNG),0.84,472,116,510,162
Asraf_20_jpg.rf.e6ca60c4e5f78d0b27f698c819f4d479.jpg,"[277, 119, 350, 194]",three wheelers (CNG),0.83,277,119,350,194
Asraf_20_jpg.rf.e6ca60c4e5f78d0b27f698c819f4d479.jpg,"[91, 74, 237, 136]",suv,0.79,91,74,237,136
Asraf_20_jpg.rf.e6ca60c4e5f78d0b27f698c819f4d479.jpg,"[434, 120, 477, 141]",three wheelers (CNG),0.78,434,120,477,141
Asraf_20_jpg.rf.e6ca60c4e5f78d0b27f698c819f4d479.jpg,"[276, 120, 342, 205]",three wheelers (CNG),0.77,276,120,342,205
Asraf_20_jpg.rf.e6ca60c4e5f78d0b27f698c819f4d479.jpg,"[216, 121, 276, 147]",three wheelers (CNG),0.74,216,121,276,147
Asraf_20_jpg.rf.e6ca60c4e5f78d0b27f698c819f4d479.jpg,"[230, 131, 295, 234]",three wheelers (CNG),0.72,230,131,295,234
Asraf_20_jpg.rf.e6ca60c4e5f78d0b27f698c819f4d479.jpg,"[426, 158, 510, 424]",three wheelers (CNG),0.7,426,158,510,424
Asraf_20_jpg.rf.e6ca60c4e5f78d0b27f698c819f4d479.jpg,"[1, 134, 69, 164]",three wheelers (CNG),0.67,1,134,69,164
Asraf_20_jpg.rf.e6ca60c4e5f78d0b27f698c819f4d479.jpg,"[404, 137, 501, 216]",three wheelers (CNG),0.66,404,137,501,216
Asraf_20_jpg.rf.e6ca60c4e5f78d0b27f698c819f4d479.jpg,"[1, 155, 108, 359]",three wheelers (CNG),0.65,1,155,108,359
Asraf_20_jpg.rf.e6ca60c4e5f78d0b27f698c819f4d479.jpg,"[98, 121, 158, 218]",three wheelers (CNG),0.55,98,121,158,218
Asraf_20_jpg.rf.e6ca60c4e5f78d0b27f698c819f4d479.jpg,"[61, 117, 113, 216]",three wheelers (CNG),0.51,61,117,113,216
Asraf_20_jpg.rf.e6ca60c4e5f78d0b27f698c819f4d479.jpg,"[426, 112, 448, 132]",three wheelers (CNG),0.49,426,112,448,132
Asraf_20_jpg.rf.e6ca60c4e5f78d0b27f698c819f4d479.jpg,"[296, 103, 327, 122]",three wheelers (CNG),0.47,296,103,327,122
Asraf_20_jpg.rf.e6ca60c4e5f78d0b27f698c819f4d479.jpg,"[0, 228, 75, 512]",three wheelers (CNG),0.47,0,228,75,512
Asraf_20_jpg.rf.e6ca60c4e5f78d0b27f698c819f4d479.jpg,"[437, 113, 471, 132]",three wheelers (CNG),0.42,437,113,471,132
Asraf_20_jpg.rf.e6ca60c4e5f78d0b27f698c819f4d479.jpg,"[497, 109, 512, 163]",three wheelers (CNG),0.31,497,109,512,163
Asraf_32_jpg.rf.2baa8a782e9d9781c650dd613751f84d.jpg,"[300, 41, 354, 77]",suv,0.95,300,41,354,77
Asraf_32_jpg.rf.2baa8a782e9d9781c650dd613751f84d.jpg,"[324, 236, 393, 393]",three wheelers (CNG),0.94,324,236,393,393
Asraf_32_jpg.rf.2baa8a782e9d9781c650dd613751f84d.jpg,"[279, 108, 317, 167]",three wheelers (CNG),0.9,279,108,317,167
Asraf_32_jpg.rf.2baa8a782e9d9781c650dd613751f84d.jpg,"[151, 15, 240, 96]",suv,0.89,151,15,240,96
Asraf_32_jpg.rf.2baa8a782e9d9781c650dd613751f84d.jpg,"[273, 149, 358, 259]",minivan,0.89,273,149,358,259
Asraf_32_jpg.rf.2baa8a782e9d9781c650dd613751f84d.jpg,"[234, 54, 273, 92]",suv,0.86,234,54,273,92
Asraf_32_jpg.rf.2baa8a782e9d9781c650dd613751f84d.jpg,"[437, 126, 464, 185]",three wheelers (CNG),0.86,437,126,464,185
Asraf_32_jpg.rf.2baa8a782e9d9781c650dd613751f84d.jpg,"[171, 341, 306, 511]",three wheelers (CNG),0.85,171,341,306,511
Asraf_32_jpg.rf.2baa8a782e9d9781c650dd613751f84d.jpg,"[391, 124, 429, 180]",minivan,0.85,391,124,429,180
Asraf_32_jpg.rf.2baa8a782e9d9781c650dd613751f84d.jpg,"[352, 132, 390, 204]",minivan,0.84,352,132,390,204
Asraf_32_jpg.rf.2baa8a782e9d9781c650dd613751f84d.jpg,"[430, 110, 451, 155]",three wheelers (CNG),0.84,430,110,451,155
Asraf_32_jpg.rf.2baa8a782e9d9781c650dd613751f84d.jpg,"[432, 244, 458, 324]",motorbike,0.84,432,244,458,324
Asraf_32_jpg.rf.2baa8a782e9d9781c650dd613751f84d.jpg,"[33, 210, 178, 355]",minivan,0.83,33,210,178,355
Asraf_32_jpg.rf.2baa8a782e9d9781c650dd613751f84d.jpg,"[73, 134, 177, 209]",minivan,0.82,73,134,177,209
Asraf_32_jpg.rf.2baa8a782e9d9781c650dd613751f84d.jpg,"[72, 157, 191, 241]",minivan,0.81,72,157,191,241
Asraf_32_jpg.rf.2baa8a782e9d9781c650dd613751f84d.jpg,"[317, 116, 378, 161]",minivan,0.81,317,116,378,161
Asraf_32_jpg.rf.2baa8a782e9d9781c650dd613751f84d.jpg,"[454, 78, 476, 104]",minivan,0.8,454,78,476,104
Asraf_32_jpg.rf.2baa8a782e9d9781c650dd613751f84d.jpg,"[356, 183, 428, 286]",minivan,0.78,356,183,428,286
Asraf_32_jpg.rf.2baa8a782e9d9781c650dd613751f84d.jpg,"[209, 118, 277, 173]",minivan,0.78,209,118,277,173
Asraf_32_jpg.rf.2baa8a782e9d9781c650dd613751f84d.jpg,"[362, 25, 403, 69]",suv,0.76,362,25,403,69
Asraf_32_jpg.rf.2baa8a782e9d9781c650dd613751f84d.jpg,"[157, 93, 215, 136]",minivan,0.76,157,93,215,136
Asraf_32_jpg.rf.2baa8a782e9d9781c650dd613751f84d.jpg,"[175, 171, 270, 246]",minivan,0.75,175,171,270,246
Asraf_32_jpg.rf.2baa8a782e9d9781c650dd613751f84d.jpg,"[460, 94, 482, 134]",minivan,0.74,460,94,482,134
Asraf_32_jpg.rf.2baa8a782e9d9781c650dd613751f84d.jpg,"[360, 75, 390, 111]",minivan,0.72,360,75,390,111
Asraf_32_jpg.rf.2baa8a782e9d9781c650dd613751f84d.jpg,"[0, 3, 101, 128]",suv,0.71,0,3,101,128
Asraf_32_jpg.rf.2baa8a782e9d9781c650dd613751f84d.jpg,"[477, 41, 512, 168]",suv,0.71,477,41,512,168
Asraf_32_jpg.rf.2baa8a782e9d9781c650dd613751f84d.jpg,"[425, 67, 446, 82]",minivan,0.71,425,67,446,82
Asraf_32_jpg.rf.2baa8a782e9d9781c650dd613751f84d.jpg,"[133, 99, 166, 136]",minivan,0.68,133,99,166,136
Asraf_32_jpg.rf.2baa8a782e9d9781c650dd613751f84d.jpg,"[110, 234, 269, 412]",minivan,0.67,110,234,269,412
Asraf_32_jpg.rf.2baa8a782e9d9781c650dd613751f84d.jpg,"[218, 95, 252, 125]",minivan,0.64,218,95,252,125
Asraf_32_jpg.rf.2baa8a782e9d9781c650dd613751f84d.jpg,"[200, 90, 229, 115]",minivan,0.63,200,90,229,115
Asraf_32_jpg.rf.2baa8a782e9d9781c650dd613751f84d.jpg,"[209, 131, 283, 190]",minivan,0.62,209,131,283,190
Asraf_32_jpg.rf.2baa8a782e9d9781c650dd613751f84d.jpg,"[255, 86, 295, 110]",minivan,0.62,255,86,295,110
Asraf_32_jpg.rf.2baa8a782e9d9781c650dd613751f84d.jpg,"[326, 89, 355, 113]",minivan,0.61,326,89,355,113
Asraf_32_jpg.rf.2baa8a782e9d9781c650dd613751f84d.jpg,"[341, 71, 363, 96]",minivan,0.6,341,71,363,96
Asraf_32_jpg.rf.2baa8a782e9d9781c650dd613751f84d.jpg,"[271, 70, 292, 87]",minivan,0.59,271,70,292,87
Asraf_32_jpg.rf.2baa8a782e9d9781c650dd613751f84d.jpg,"[0, 195, 32, 345]",minivan,0.58,0,195,32,345
Asraf_32_jpg.rf.2baa8a782e9d9781c650dd613751f84d.jpg,"[245, 83, 267, 102]",minivan,0.55,245,83,267,102
Asraf_32_jpg.rf.2baa8a782e9d9781c650dd613751f84d.jpg,"[367, 63, 380, 78]",three wheelers (CNG),0.52,367,63,380,78
Asraf_32_jpg.rf.2baa8a782e9d9781c650dd613751f84d.jpg,"[345, 97, 380, 131]",minivan,0.5,345,97,380,131
Asraf_32_jpg.rf.2baa8a782e9d9781c650dd613751f84d.jpg,"[476, 60, 488, 78]",minivan,0.5,476,60,488,78
Asraf_32_jpg.rf.2baa8a782e9d9781c650dd613751f84d.jpg,"[445, 87, 459, 111]",three wheelers (CNG),0.49,445,87,459,111
Asraf_32_jpg.rf.2baa8a782e9d9781c650dd613751f84d.jpg,"[184, 75, 226, 99]",minivan,0.49,184,75,226,99
Asraf_32_jpg.rf.2baa8a782e9d9781c650dd613751f84d.jpg,"[111, 95, 149, 120]",minivan,0.48,111,95,149,120
Asraf_32_jpg.rf.2baa8a782e9d9781c650dd613751f84d.jpg,"[80, 113, 148, 159]",minivan,0.48,80,113,148,159
Asraf_32_jpg.rf.2baa8a782e9d9781c650dd613751f84d.jpg,"[387, 85, 416, 116]",minivan,0.47,387,85,416,116
Asraf_32_jpg.rf.2baa8a782e9d9781c650dd613751f84d.jpg,"[311, 69, 337, 92]",minivan,0.46,311,69,337,92
Asraf_32_jpg.rf.2baa8a782e9d9781c650dd613751f84d.jpg,"[43, 103, 99, 145]",minivan,0.46,43,103,99,145
Asraf_32_jpg.rf.2baa8a782e9d9781c650dd613751f84d.jpg,"[462, 70, 477, 86]",minivan,0.45,462,70,477,86
Asraf_32_jpg.rf.2baa8a782e9d9781c650dd613751f84d.jpg,"[414, 79, 445, 117]",minivan,0.43,414,79,445,117
Asraf_32_jpg.rf.2baa8a782e9d9781c650dd613751f84d.jpg,"[397, 96, 426, 135]",three wheelers (CNG),0.42,397,96,426,135
Asraf_32_jpg.rf.2baa8a782e9d9781c650dd613751f84d.jpg,"[452, 63, 464, 77]",minivan,0.42,452,63,464,77
Asraf_32_jpg.rf.2baa8a782e9d9781c650dd613751f84d.jpg,"[419, 45, 435, 63]",suv,0.39,419,45,435,63
Asraf_32_jpg.rf.2baa8a782e9d9781c650dd613751f84d.jpg,"[347, 56, 365, 76]",minivan,0.38,347,56,365,76
Asraf_32_jpg.rf.2baa8a782e9d9781c650dd613751f84d.jpg,"[0, 125, 45, 169]",minivan,0.37,0,125,45,169
Asraf_32_jpg.rf.2baa8a782e9d9781c650dd613751f84d.jpg,"[442, 72, 459, 92]",minivan,0.36,442,72,459,92
Asraf_32_jpg.rf.2baa8a782e9d9781c650dd613751f84d.jpg,"[445, 52, 458, 66]",minivan,0.35,445,52,458,66
Asraf_32_jpg.rf.2baa8a782e9d9781c650dd613751f84d.jpg,"[464, 60, 475, 74]",minivan,0.35,464,60,475,74
Asraf_32_jpg.rf.2baa8a782e9d9781c650dd613751f84d.jpg,"[375, 64, 387, 77]",three wheelers (CNG),0.32,375,64,387,77
Asraf_32_jpg.rf.2baa8a782e9d9781c650dd613751f84d.jpg,"[470, 67, 485, 88]",minivan,0.31,470,67,485,88
Asraf_32_jpg.rf.2baa8a782e9d9781c650dd613751f84d.jpg,"[476, 63, 487, 89]",minivan,0.31,476,63,487,89
Asraf_32_jpg.rf.2baa8a782e9d9781c650dd613751f84d.jpg,"[90, 50, 110, 107]",suv,0.3,90,50,110,107
Asraf_32_jpg.rf.2baa8a782e9d9781c650dd613751f84d.jpg,"[292, 92, 328, 126]",minivan,0.3,292,92,328,126
Asraf_34_jpg.rf.33db81916a65d29cd5a7bc7fc12c5c5e.jpg,"[286, 73, 335, 142]",suv,0.94,286,73,335,142
Asraf_34_jpg.rf.33db81916a65d29cd5a7bc7fc12c5c5e.jpg,"[0, 244, 84, 349]",minivan,0.94,0,244,84,349
Asraf_34_jpg.rf.33db81916a65d29cd5a7bc7fc12c5c5e.jpg,"[61, 184, 114, 251]",minivan,0.94,61,184,114,251
Asraf_34_jpg.rf.33db81916a65d29cd5a7bc7fc12c5c5e.jpg,"[1, 170, 57, 222]",minivan,0.92,1,170,57,222
Asraf_34_jpg.rf.33db81916a65d29cd5a7bc7fc12c5c5e.jpg,"[171, 139, 204, 197]",minivan,0.92,171,139,204,197
Asraf_34_jpg.rf.33db81916a65d29cd5a7bc7fc12c5c5e.jpg,"[68, 140, 107, 188]",minivan,0.92,68,140,107,188
Asraf_34_jpg.rf.33db81916a65d29cd5a7bc7fc12c5c5e.jpg,"[204, 151, 238, 215]",minivan,0.92,204,151,238,215
Asraf_34_jpg.rf.33db81916a65d29cd5a7bc7fc12c5c5e.jpg,"[193, 218, 242, 344]",minivan,0.92,193,218,242,344
Asraf_34_jpg.rf.33db81916a65d29cd5a7bc7fc12c5c5e.jpg,"[221, 85, 241, 119]",minivan,0.91,221,85,241,119
Asraf_34_jpg.rf.33db81916a65d29cd5a7bc7fc12c5c5e.jpg,"[101, 146, 143, 197]",minivan,0.91,101,146,143,197
Asraf_34_jpg.rf.33db81916a65d29cd5a7bc7fc12c5c5e.jpg,"[172, 59, 188, 81]",minivan,0.9,172,59,188,81
Asraf_34_jpg.rf.33db81916a65d29cd5a7bc7fc12c5c5e.jpg,"[151, 188, 196, 268]",minivan,0.88,151,188,196,268
Asraf_34_jpg.rf.33db81916a65d29cd5a7bc7fc12c5c5e.jpg,"[54, 125, 96, 171]",minivan,0.88,54,125,96,171
Asraf_34_jpg.rf.33db81916a65d29cd5a7bc7fc12c5c5e.jpg,"[38, 94, 64, 121]",minivan,0.87,38,94,64,121
Asraf_34_jpg.rf.33db81916a65d29cd5a7bc7fc12c5c5e.jpg,"[129, 109, 161, 153]",minivan,0.87,129,109,161,153
Asraf_34_jpg.rf.33db81916a65d29cd5a7bc7fc12c5c5e.jpg,"[221, 111, 246, 155]",minivan,0.86,221,111,246,155
Asraf_34_jpg.rf.33db81916a65d29cd5a7bc7fc12c5c5e.jpg,"[225, 70, 242, 94]",minivan,0.85,225,70,242,94
Asraf_34_jpg.rf.33db81916a65d29cd5a7bc7fc12c5c5e.jpg,"[313, 111, 375, 219]",suv,0.82,313,111,375,219
Asraf_34_jpg.rf.33db81916a65d29cd5a7bc7fc12c5c5e.jpg,"[196, 85, 218, 123]",minivan,0.79,196,85,218,123
Asraf_34_jpg.rf.33db81916a65d29cd5a7bc7fc12c5c5e.jpg,"[205, 55, 222, 90]",minivan,0.78,205,55,222,90
Asraf_34_jpg.rf.33db81916a65d29cd5a7bc7fc12c5c5e.jpg,"[215, 30, 227, 50]",minivan,0.77,215,30,227,50
Asraf_34_jpg.rf.33db81916a65d29cd5a7bc7fc12c5c5e.jpg,"[21, 118, 60, 164]",minivan,0.75,21,118,60,164
Asraf_34_jpg.rf.33db81916a65d29cd5a7bc7fc12c5c5e.jpg,"[355, 187, 488, 476]",suv,0.73,355,187,488,476
Asraf_34_jpg.rf.33db81916a65d29cd5a7bc7fc12c5c5e.jpg,"[146, 58, 165, 81]",minivan,0.71,146,58,165,81
Asraf_34_jpg.rf.33db81916a65d29cd5a7bc7fc12c5c5e.jpg,"[11, 192, 68, 255]",minivan,0.7,11,192,68,255
Asraf_34_jpg.rf.33db81916a65d29cd5a7bc7fc12c5c5e.jpg,"[86, 99, 102, 137]",three wheelers (CNG),0.67,86,99,102,137
Asraf_34_jpg.rf.33db81916a65d29cd5a7bc7fc12c5c5e.jpg,"[0, 368, 23, 444]",sedan,0.61,0,368,23,444
Asraf_34_jpg.rf.33db81916a65d29cd5a7bc7fc12c5c5e.jpg,"[117, 106, 131, 142]",minivan,0.61,117,106,131,142
Asraf_34_jpg.rf.33db81916a65d29cd5a7bc7fc12c5c5e.jpg,"[250, 188, 264, 249]",three wheelers (CNG),0.61,250,188,264,249
Asraf_34_jpg.rf.33db81916a65d29cd5a7bc7fc12c5c5e.jpg,"[56, 102, 80, 131]",three wheelers (CNG),0.59,56,102,80,131
Asraf_34_jpg.rf.33db81916a65d29cd5a7bc7fc12c5c5e.jpg,"[185, 106, 212, 149]",minivan,0.59,185,106,212,149
Asraf_34_jpg.rf.33db81916a65d29cd5a7bc7fc12c5c5e.jpg,"[173, 43, 190, 64]",minivan,0.58,173,43,190,64
Asraf_34_jpg.rf.33db81916a65d29cd5a7bc7fc12c5c5e.jpg,"[267, 23, 288, 52]",suv,0.56,267,23,288,52
Asraf_34_jpg.rf.33db81916a65d29cd5a7bc7fc12c5c5e.jpg,"[15, 109, 29, 134]",motorbike,0.56,15,109,29,134
Asraf_34_jpg.rf.33db81916a65d29cd5a7bc7fc12c5c5e.jpg,"[248, 151, 268, 191]",three wheelers (CNG),0.55,248,151,268,191
Asraf_34_jpg.rf.33db81916a65d29cd5a7bc7fc12c5c5e.jpg,"[130, 81, 148, 107]",minivan,0.54,130,81,148,107
Asraf_34_jpg.rf.33db81916a65d29cd5a7bc7fc12c5c5e.jpg,"[220, 14, 229, 30]",minivan,0.53,220,14,229,30
Asraf_34_jpg.rf.33db81916a65d29cd5a7bc7fc12c5c5e.jpg,"[241, 26, 260, 60]",suv,0.53,241,26,260,60
Asraf_34_jpg.rf.33db81916a65d29cd5a7bc7fc12c5c5e.jpg,"[258, 49, 289, 139]",suv,0.52,258,49,289,139
Asraf_34_jpg.rf.33db81916a65d29cd5a7bc7fc12c5c5e.jpg,"[247, 109, 262, 150]",minivan,0.52,247,109,262,150
Asraf_34_jpg.rf.33db81916a65d29cd5a7bc7fc12c5c5e.jpg,"[262, 124, 411, 505]",suv,0.5,262,124,411,505
Asraf_34_jpg.rf.33db81916a65d29cd5a7bc7fc12c5c5e.jpg,"[190, 33, 201, 50]",minivan,0.5,190,33,201,50
Asraf_34_jpg.rf.33db81916a65d29cd5a7bc7fc12c5c5e.jpg,"[84, 76, 104, 102]",minivan,0.49,84,76,104,102
Asraf_34_jpg.rf.33db81916a65d29cd5a7bc7fc12c5c5e.jpg,"[283, 42, 322, 84]",suv,0.48,283,42,322,84
Asraf_34_jpg.rf.33db81916a65d29cd5a7bc7fc12c5c5e.jpg,"[105, 105, 130, 144]",minivan,0.48,105,105,130,144
Asraf_34_jpg.rf.33db81916a65d29cd5a7bc7fc12c5c5e.jpg,"[57, 75, 74, 97]",three wheelers (CNG),0.47,57,75,74,97
Asraf_34_jpg.rf.33db81916a65d29cd5a7bc7fc12c5c5e.jpg,"[58, 485, 145, 512]",minivan,0.47,58,485,145,512
Asraf_34_jpg.rf.33db81916a65d29cd5a7bc7fc12c5c5e.jpg,"[0, 132, 43, 184]",minivan,0.47,0,132,43,184
Asraf_34_jpg.rf.33db81916a65d29cd5a7bc7fc12c5c5e.jpg,"[182, 21, 191, 35]",minivan,0.46,182,21,191,35
Asraf_34_jpg.rf.33db81916a65d29cd5a7bc7fc12c5c5e.jpg,"[247, 67, 259, 97]",minivan,0.45,247,67,259,97
Asraf_34_jpg.rf.33db81916a65d29cd5a7bc7fc12c5c5e.jpg,"[126, 22, 148, 45]",suv,0.44,126,22,148,45
Asraf_34_jpg.rf.33db81916a65d29cd5a7bc7fc12c5c5e.jpg,"[227, 58, 240, 76]",minivan,0.42,227,58,240,76
Asraf_34_jpg.rf.33db81916a65d29cd5a7bc7fc12c5c5e.jpg,"[180, 43, 193, 64]",minivan,0.42,180,43,193,64
Asraf_34_jpg.rf.33db81916a65d29cd5a7bc7fc12c5c5e.jpg,"[93, 247, 183, 465]",van,0.42,93,247,183,465
Asraf_34_jpg.rf.33db81916a65d29cd5a7bc7fc12c5c5e.jpg,"[149, 39, 162, 52]",minivan,0.42,149,39,162,52
Asraf_34_jpg.rf.33db81916a65d29cd5a7bc7fc12c5c5e.jpg,"[191, 30, 202, 46]",minivan,0.42,191,30,202,46
Asraf_34_jpg.rf.33db81916a65d29cd5a7bc7fc12c5c5e.jpg,"[0, 368, 23, 441]",minivan,0.41,0,368,23,441
Asraf_34_jpg.rf.33db81916a65d29cd5a7bc7fc12c5c5e.jpg,"[249, 159, 266, 240]",three wheelers (CNG),0.35,249,159,266,240
Asraf_34_jpg.rf.33db81916a65d29cd5a7bc7fc12c5c5e.jpg,"[0, 121, 23, 174]",minivan,0.35,0,121,23,174
Asraf_34_jpg.rf.33db81916a65d29cd5a7bc7fc12c5c5e.jpg,"[145, 80, 170, 120]",minivan,0.34,145,80,170,120
Asraf_34_jpg.rf.33db81916a65d29cd5a7bc7fc12c5c5e.jpg,"[163, 71, 178, 94]",minivan,0.34,163,71,178,94
Asraf_34_jpg.rf.33db81916a65d29cd5a7bc7fc12c5c5e.jpg,"[210, 43, 223, 59]",minivan,0.34,210,43,223,59
Asraf_34_jpg.rf.33db81916a65d29cd5a7bc7fc12c5c5e.jpg,"[71, 70, 86, 95]",three wheelers (CNG),0.33,71,70,86,95
Asraf_34_jpg.rf.33db81916a65d29cd5a7bc7fc12c5c5e.jpg,"[245, 49, 260, 76]",minivan,0.31,245,49,260,76
Asraf_45_jpg.rf.3037fb45812613b442f7098cd370bf2d.jpg,"[31, 104, 68, 148]",suv,0.63,31,104,68,148
Asraf_45_jpg.rf.3037fb45812613b442f7098cd370bf2d.jpg,"[54, 128, 64, 159]",motorbike,0.59,54,128,64,159
Asraf_45_jpg.rf.3037fb45812613b442f7098cd370bf2d.jpg,"[69, 48, 141, 234]",suv,0.39,69,48,141,234
Asraf_45_jpg.rf.3037fb45812613b442f7098cd370bf2d.jpg,"[12, 128, 58, 178]",suv,0.35,12,128,58,178
Asraf_49_jpg.rf.2d73e790b938f273663e8b1bf1b0344a.jpg,"[362, 227, 414, 364]",three wheelers (CNG),0.92,362,227,414,364
Asraf_49_jpg.rf.2d73e790b938f273663e8b1bf1b0344a.jpg,"[212, 229, 341, 397]",sedan,0.9,212,229,341,397
Asraf_49_jpg.rf.2d73e790b938f273663e8b1bf1b0344a.jpg,"[67, 236, 242, 356]",sedan,0.83,67,236,242,356
Asraf_49_jpg.rf.2d73e790b938f273663e8b1bf1b0344a.jpg,"[185, 162, 267, 227]",suv,0.77,185,162,267,227
Asraf_49_jpg.rf.2d73e790b938f273663e8b1bf1b0344a.jpg,"[0, 325, 265, 511]",sedan,0.64,0,325,265,511
Asraf_49_jpg.rf.2d73e790b938f273663e8b1bf1b0344a.jpg,"[408, 176, 466, 256]",minibus,0.6,408,176,466,256
Asraf_49_jpg.rf.2d73e790b938f273663e8b1bf1b0344a.jpg,"[405, 228, 471, 318]",minivan,0.54,405,228,471,318
Asraf_49_jpg.rf.2d73e790b938f273663e8b1bf1b0344a.jpg,"[457, 277, 512, 506]",sedan,0.53,457,277,512,506
Asraf_49_jpg.rf.2d73e790b938f273663e8b1bf1b0344a.jpg,"[386, 197, 407, 229]",minivan,0.42,386,197,407,229
Asraf_49_jpg.rf.2d73e790b938f273663e8b1bf1b0344a.jpg,"[349, 193, 376, 227]",minivan,0.36,349,193,376,227
Dipto_  204_jpg.rf.7511abeb21e41cda3362f5e928ca17d8.jpg,"[245, 63, 293, 124]",auto rickshaw,0.86,245,63,293,124
Dipto_  204_jpg.rf.7511abeb21e41cda3362f5e928ca17d8.jpg,"[315, 74, 347, 135]",auto rickshaw,0.83,315,74,347,135
Dipto_  204_jpg.rf.7511abeb21e41cda3362f5e928ca17d8.jpg,"[342, 76, 392, 142]",auto rickshaw,0.77,342,76,392,142
Dipto_  204_jpg.rf.7511abeb21e41cda3362f5e928ca17d8.jpg,"[16, 12, 210, 225]",auto rickshaw,0.48,16,12,210,225
Dipto_  204_jpg.rf.7511abeb21e41cda3362f5e928ca17d8.jpg,"[229, 67, 244, 116]",auto rickshaw,0.42,229,67,244,116
Dipto_  218_jpg.rf.462b76e02a63262694fdc59412a26f75.jpg,"[359, 201, 419, 289]",motorbike,0.92,359,201,419,289
Dipto_  218_jpg.rf.462b76e02a63262694fdc59412a26f75.jpg,"[187, 245, 214, 317]",motorbike,0.82,187,245,214,317
Dipto_  218_jpg.rf.462b76e02a63262694fdc59412a26f75.jpg,"[320, 193, 347, 249]",pickup,0.81,320,193,347,249
Dipto_  218_jpg.rf.462b76e02a63262694fdc59412a26f75.jpg,"[113, 253, 151, 316]",motorbike,0.8,113,253,151,316
Dipto_  218_jpg.rf.462b76e02a63262694fdc59412a26f75.jpg,"[16, 284, 512, 510]",motorbike,0.56,16,284,512,510
Dipto_  218_jpg.rf.462b76e02a63262694fdc59412a26f75.jpg,"[263, 224, 276, 248]",motorbike,0.55,263,224,276,248
Dipto_  220_jpg.rf.33c3fa6630ed587301c8de12ae20f9f3.jpg,"[253, 239, 261, 280]",motorbike,0.44,253,239,261,280
Dipto_  220_jpg.rf.33c3fa6630ed587301c8de12ae20f9f3.jpg,"[269, 245, 285, 285]",bicycle,0.38,269,245,285,285
Dipto_  220_jpg.rf.33c3fa6630ed587301c8de12ae20f9f3.jpg,"[264, 228, 272, 262]",auto rickshaw,0.37,264,228,272,262
Dipto_  222_jpg.rf.b64967645190f0d420deaf46d0a0639e.jpg,"[296, 235, 308, 269]",rickshaw,0.78,296,235,308,269
Dipto_  222_jpg.rf.b64967645190f0d420deaf46d0a0639e.jpg,"[265, 232, 283, 284]",rickshaw,0.59,265,232,283,284
Dipto_  222_jpg.rf.b64967645190f0d420deaf46d0a0639e.jpg,"[28, 259, 511, 512]",motorbike,0.54,28,259,511,512
Dipto_  222_jpg.rf.b64967645190f0d420deaf46d0a0639e.jpg,"[387, 108, 511, 361]",van,0.52,387,108,511,361
Dipto_  222_jpg.rf.b64967645190f0d420deaf46d0a0639e.jpg,"[281, 240, 290, 267]",rickshaw,0.42,281,240,290,267
Dipto_  224_jpg.rf.04edfa2ef93a9fea6b90498f10a10864.jpg,"[324, 136, 419, 307]",auto rickshaw,0.8,324,136,419,307
Dipto_  224_jpg.rf.04edfa2ef93a9fea6b90498f10a10864.jpg,"[281, 164, 313, 273]",rickshaw,0.54,281,164,313,273
Dipto_  224_jpg.rf.04edfa2ef93a9fea6b90498f10a10864.jpg,"[69, 220, 128, 276]",rickshaw,0.49,69,220,128,276
Dipto_  224_jpg.rf.04edfa2ef93a9fea6b90498f10a10864.jpg,"[9, 251, 512, 507]",motorbike,0.43,9,251,512,507
Dipto_  224_jpg.rf.04edfa2ef93a9fea6b90498f10a10864.jpg,"[69, 226, 117, 275]",motorbike,0.34,69,226,117,275
Dipto_  227_jpg.rf.c84dd7e560fd699e4906624105437207.jpg,"[57, 236, 503, 512]",motorbike,0.83,57,236,503,512
Dipto_  227_jpg.rf.c84dd7e560fd699e4906624105437207.jpg,"[404, 232, 433, 292]",rickshaw,0.75,404,232,433,292
Dipto_  227_jpg.rf.c84dd7e560fd699e4906624105437207.jpg,"[3, 120, 152, 484]",auto rickshaw,0.45,3,120,152,484
Dipto_  227_jpg.rf.c84dd7e560fd699e4906624105437207.jpg,"[344, 239, 358, 284]",motorbike,0.39,344,239,358,284
Dipto_  231_jpg.rf.77ce27a33902f31c0387d6ba40c83a45.jpg,"[255, 208, 276, 258]",rickshaw,0.92,255,208,276,258
Dipto_  231_jpg.rf.77ce27a33902f31c0387d6ba40c83a45.jpg,"[97, 405, 512, 510]",motorbike,0.78,97,405,512,510
Dipto_  231_jpg.rf.77ce27a33902f31c0387d6ba40c83a45.jpg,"[0, 270, 112, 512]",motorbike,0.7,0,270,112,512
Dipto_  231_jpg.rf.77ce27a33902f31c0387d6ba40c83a45.jpg,"[114, 259, 506, 401]",motorbike,0.59,114,259,506,401
Dipto_  231_jpg.rf.77ce27a33902f31c0387d6ba40c83a45.jpg,"[80, 118, 100, 158]",auto rickshaw,0.56,80,118,100,158
Dipto_  231_jpg.rf.77ce27a33902f31c0387d6ba40c83a45.jpg,"[1, 121, 75, 277]",motorbike,0.43,1,121,75,277
Dipto_  231_jpg.rf.77ce27a33902f31c0387d6ba40c83a45.jpg,"[231, 220, 240, 250]",bicycle,0.43,231,220,240,250
Dipto_  231_jpg.rf.77ce27a33902f31c0387d6ba40c83a45.jpg,"[281, 195, 305, 285]",motorbike,0.43,281,195,305,285
Dipto_  231_jpg.rf.77ce27a33902f31c0387d6ba40c83a45.jpg,"[62, 126, 75, 159]",motorbike,0.36,62,126,75,159
Dipto_ 109_jpg.rf.48f42cde53d5d3a4c06bcaa7aa9557b6.jpg,"[155, 134, 246, 412]",truck,0.95,155,134,246,412
Dipto_ 109_jpg.rf.48f42cde53d5d3a4c06bcaa7aa9557b6.jpg,"[257, 277, 298, 385]",bus,0.95,257,277,298,385
Dipto_ 109_jpg.rf.48f42cde53d5d3a4c06bcaa7aa9557b6.jpg,"[1, 271, 127, 512]",three wheelers (CNG),0.68,1,271,127,512
Dipto_ 109_jpg.rf.48f42cde53d5d3a4c06bcaa7aa9557b6.jpg,"[328, 94, 508, 510]",bus,0.36,328,94,508,510
Dipto_ 109_jpg.rf.48f42cde53d5d3a4c06bcaa7aa9557b6.jpg,"[247, 340, 258, 370]",sedan,0.35,247,340,258,370
Dipto_ 111_jpg.rf.38d310c15d231986fa1adeb80105f9e0.jpg,"[306, 309, 325, 349]",truck,0.87,306,309,325,349
Dipto_ 111_jpg.rf.38d310c15d231986fa1adeb80105f9e0.jpg,"[223, 175, 285, 384]",truck,0.82,223,175,285,384
Dipto_ 111_jpg.rf.38d310c15d231986fa1adeb80105f9e0.jpg,"[355, 214, 510, 415]",truck,0.78,355,214,510,415
Dipto_ 111_jpg.rf.38d310c15d231986fa1adeb80105f9e0.jpg,"[86, 283, 186, 484]",three wheelers (CNG),0.56,86,283,186,484
Dipto_ 116_jpg.rf.3ca0379e7e9d9ad702debf8d5dd449f7.jpg,"[228, 220, 315, 412]",bus,0.91,228,220,315,412
Dipto_ 116_jpg.rf.3ca0379e7e9d9ad702debf8d5dd449f7.jpg,"[357, 274, 426, 409]",pickup,0.74,357,274,426,409
Dipto_ 116_jpg.rf.3ca0379e7e9d9ad702debf8d5dd449f7.jpg,"[411, 0, 511, 512]",truck,0.59,411,0,511,512
Dipto_ 116_jpg.rf.3ca0379e7e9d9ad702debf8d5dd449f7.jpg,"[359, 274, 424, 410]",truck,0.55,359,274,424,410
Dipto_ 116_jpg.rf.3ca0379e7e9d9ad702debf8d5dd449f7.jpg,"[184, 312, 207, 371]",rickshaw,0.45,184,312,207,371
Dipto_ 122_jpg.rf.64745f7e3d71556680a88c32a208f077.jpg,"[287, 339, 447, 463]",sedan,0.95,287,339,447,463
Dipto_ 122_jpg.rf.64745f7e3d71556680a88c32a208f077.jpg,"[228, 264, 327, 401]",bus,0.94,228,264,327,401
Dipto_ 122_jpg.rf.64745f7e3d71556680a88c32a208f077.jpg,"[189, 294, 221, 384]",truck,0.93,189,294,221,384
Dipto_ 122_jpg.rf.64745f7e3d71556680a88c32a208f077.jpg,"[145, 320, 177, 382]",truck,0.43,145,320,177,382
Dipto_ 122_jpg.rf.64745f7e3d71556680a88c32a208f077.jpg,"[145, 320, 177, 381]",pickup,0.3,145,320,177,381
Dipto_ 127_jpg.rf.2b59ae7521c4f969cb52b50073a2c798.jpg,"[355, 197, 369, 221]",truck,0.41,355,197,369,221
Dipto_ 128_jpg.rf.e1f4255721ed120071a159c1ad440971.jpg,"[189, 334, 198, 350]",bus,0.86,189,334,198,350
Dipto_ 128_jpg.rf.e1f4255721ed120071a159c1ad440971.jpg,"[229, 313, 275, 375]",truck,0.85,229,313,275,375
Dipto_ 128_jpg.rf.e1f4255721ed120071a159c1ad440971.jpg,"[322, 320, 437, 408]",minivan,0.83,322,320,437,408
Dipto_ 132_jpg.rf.3918b8ca3f934f56a48891e384b74d45.jpg,"[180, 221, 254, 401]",truck,0.89,180,221,254,401
Dipto_ 132_jpg.rf.3918b8ca3f934f56a48891e384b74d45.jpg,"[310, 283, 355, 384]",pickup,0.86,310,283,355,384
Dipto_ 132_jpg.rf.3918b8ca3f934f56a48891e384b74d45.jpg,"[355, 251, 511, 470]",van,0.52,355,251,511,470
Dipto_ 132_jpg.rf.3918b8ca3f934f56a48891e384b74d45.jpg,"[267, 300, 275, 331]",truck,0.46,267,300,275,331
Dipto_ 132_jpg.rf.3918b8ca3f934f56a48891e384b74d45.jpg,"[279, 263, 319, 342]",bus,0.45,279,263,319,342
Dipto_ 132_jpg.rf.3918b8ca3f934f56a48891e384b74d45.jpg,"[353, 250, 512, 471]",minivan,0.4,353,250,512,471
Dipto_ 132_jpg.rf.3918b8ca3f934f56a48891e384b74d45.jpg,"[259, 306, 267, 326]",truck,0.34,259,306,267,326
Dipto_ 143_jpg.rf.1aa92ba243d5f341fa60b7cb65f9a226.jpg,"[229, 257, 268, 393]",pickup,0.95,229,257,268,393
Dipto_ 156_jpg.rf.7887a0f0364221ec95a32c6f66eec0b9.jpg,"[289, 319, 347, 361]",bus,0.84,289,319,347,361
Dipto_ 156_jpg.rf.7887a0f0364221ec95a32c6f66eec0b9.jpg,"[144, 325, 160, 361]",truck,0.78,144,325,160,361
Dipto_ 156_jpg.rf.7887a0f0364221ec95a32c6f66eec0b9.jpg,"[184, 324, 204, 352]",truck,0.69,184,324,204,352
Dipto_ 156_jpg.rf.7887a0f0364221ec95a32c6f66eec0b9.jpg,"[147, 343, 206, 427]",sedan,0.68,147,343,206,427
Dipto_ 156_jpg.rf.7887a0f0364221ec95a32c6f66eec0b9.jpg,"[210, 326, 227, 365]",truck,0.65,210,326,227,365
Dipto_ 156_jpg.rf.7887a0f0364221ec95a32c6f66eec0b9.jpg,"[210, 327, 227, 363]",pickup,0.36,210,327,227,363
Dipto_ 166_jpg.rf.a7c50eef54a014562ba01e084a4b4080.jpg,"[218, 341, 225, 353]",suv,0.39,218,341,225,353
Dipto_ 166_jpg.rf.a7c50eef54a014562ba01e084a4b4080.jpg,"[159, 345, 168, 364]",truck,0.34,159,345,168,364
Dipto_ 173_jpg.rf.623edfce22521ccab27236e8b1c263fc.jpg,"[168, 98, 197, 169]",truck,0.9,168,98,197,169
Dipto_ 173_jpg.rf.623edfce22521ccab27236e8b1c263fc.jpg,"[97, 91, 169, 202]",truck,0.86,97,91,169,202
Dipto_ 173_jpg.rf.623edfce22521ccab27236e8b1c263fc.jpg,"[197, 134, 223, 171]",sedan,0.81,197,134,223,171
Dipto_ 173_jpg.rf.623edfce22521ccab27236e8b1c263fc.jpg,"[260, 96, 278, 138]",pickup,0.75,260,96,278,138
Dipto_ 173_jpg.rf.623edfce22521ccab27236e8b1c263fc.jpg,"[196, 101, 215, 143]",truck,0.49,196,101,215,143
Dipto_ 173_jpg.rf.623edfce22521ccab27236e8b1c263fc.jpg,"[214, 106, 231, 140]",pickup,0.43,214,106,231,140
Dipto_ 173_jpg.rf.623edfce22521ccab27236e8b1c263fc.jpg,"[96, 88, 174, 202]",pickup,0.35,96,88,174,202
Dipto_ 173_jpg.rf.623edfce22521ccab27236e8b1c263fc.jpg,"[17, 185, 38, 235]",pickup,0.31,17,185,38,235
Dipto_ 177_jpg.rf.96df4cf5235f7b02e7d4d7c4e0f92a61.jpg,"[266, 109, 292, 151]",sedan,0.71,266,109,292,151
Dipto_ 177_jpg.rf.96df4cf5235f7b02e7d4d7c4e0f92a61.jpg,"[109, 97, 246, 339]",van,0.42,109,97,246,339
Dipto_ 197_jpg.rf.5ced96c6a1f17161834d28f745b4fd22.jpg,"[32, 240, 512, 512]",motorbike,0.85,32,240,512,512
Dipto_ 240_jpg.rf.e49243129436353d019ef42439e5c320.jpg,"[75, 181, 94, 210]",minivan,0.64,75,181,94,210
Dipto_ 240_jpg.rf.e49243129436353d019ef42439e5c320.jpg,"[141, 183, 171, 223]",minivan,0.39,141,183,171,223
Dipto_ 240_jpg.rf.e49243129436353d019ef42439e5c320.jpg,"[336, 205, 495, 462]",motorbike,0.35,336,205,495,462
Dipto_ 251_jpg.rf.13c3b1155b6bb843b406157b1d286754.jpg,"[131, 236, 435, 512]",motorbike,0.7,131,236,435,512
Dipto_ 297_jpg.rf.c7fdcc9a50d577e3d9a60dc74da9299f.jpg,"[162, 25, 381, 445]",bus,0.92,162,25,381,445
Dipto_ 297_jpg.rf.c7fdcc9a50d577e3d9a60dc74da9299f.jpg,"[494, 221, 507, 233]",sedan,0.77,494,221,507,233
Dipto_ 297_jpg.rf.c7fdcc9a50d577e3d9a60dc74da9299f.jpg,"[138, 188, 166, 276]",bus,0.46,138,188,166,276
Dipto_ 297_jpg.rf.c7fdcc9a50d577e3d9a60dc74da9299f.jpg,"[162, 25, 381, 445]",bus,0.92,162,25,381,445
Dipto_ 297_jpg.rf.c7fdcc9a50d577e3d9a60dc74da9299f.jpg,"[494, 221, 507, 233]",sedan,0.77,494,221,507,233
Dipto_ 297_jpg.rf.c7fdcc9a50d577e3d9a60dc74da9299f.jpg,"[138, 188, 166, 276]",bus,0.46,138,188,166,276
Dipto_ 341_jpg.rf.5c67e2795259e7ffd119159809c6b88c.jpg,"[31, 132, 245, 328]",bus,0.95,31,132,245,328
Dipto_ 341_jpg.rf.5c67e2795259e7ffd119159809c6b88c.jpg,"[380, 175, 437, 227]",truck,0.93,380,175,437,227
Dipto_ 341_jpg.rf.5c67e2795259e7ffd119159809c6b88c.jpg,"[391, 224, 463, 331]",suv,0.89,391,224,463,331
Dipto_ 341_jpg.rf.5c67e2795259e7ffd119159809c6b88c.jpg,"[306, 169, 338, 213]",truck,0.82,306,169,338,213
Dipto_ 341_jpg.rf.5c67e2795259e7ffd119159809c6b88c.jpg,"[457, 223, 476, 271]",sedan,0.5,457,223,476,271
Dipto_ 342_jpg.rf.4077f1100eb64a2f3e6e7e382946afb8.jpg,"[385, 253, 440, 333]",sedan,0.94,385,253,440,333
Dipto_ 342_jpg.rf.4077f1100eb64a2f3e6e7e382946afb8.jpg,"[302, 174, 348, 226]",truck,0.93,302,174,348,226
Dipto_ 342_jpg.rf.4077f1100eb64a2f3e6e7e382946afb8.jpg,"[0, 150, 42, 273]",bus,0.88,0,150,42,273
Dipto_ 342_jpg.rf.4077f1100eb64a2f3e6e7e382946afb8.jpg,"[371, 184, 424, 248]",truck,0.87,371,184,424,248
Dipto_ 342_jpg.rf.4077f1100eb64a2f3e6e7e382946afb8.jpg,"[41, 151, 71, 264]",truck,0.75,41,151,71,264
Dipto_ 342_jpg.rf.4077f1100eb64a2f3e6e7e382946afb8.jpg,"[129, 213, 313, 358]",suv,0.52,129,213,313,358
Dipto_ 342_jpg.rf.4077f1100eb64a2f3e6e7e382946afb8.jpg,"[232, 176, 276, 217]",truck,0.42,232,176,276,217
Dipto_ 342_jpg.rf.4077f1100eb64a2f3e6e7e382946afb8.jpg,"[434, 220, 441, 249]",motorbike,0.38,434,220,441,249
Dipto_ 40_jpg.rf.e2132c828716411a702377b85ebc848b.jpg,"[21, 171, 101, 282]",three wheelers (CNG),0.93,21,171,101,282
Dipto_ 40_jpg.rf.e2132c828716411a702377b85ebc848b.jpg,"[147, 309, 504, 512]",motorbike,0.88,147,309,504,512
Dipto_ 40_jpg.rf.e2132c828716411a702377b85ebc848b.jpg,"[184, 175, 205, 214]",rickshaw,0.86,184,175,205,214
Dipto_ 40_jpg.rf.e2132c828716411a702377b85ebc848b.jpg,"[253, 172, 265, 208]",rickshaw,0.83,253,172,265,208
Dipto_ 40_jpg.rf.e2132c828716411a702377b85ebc848b.jpg,"[234, 169, 249, 227]",motorbike,0.76,234,169,249,227
Dipto_ 40_jpg.rf.e2132c828716411a702377b85ebc848b.jpg,"[272, 177, 278, 198]",motorbike,0.5,272,177,278,198
Dipto_ 40_jpg.rf.e2132c828716411a702377b85ebc848b.jpg,"[98, 187, 131, 237]",motorbike,0.34,98,187,131,237
Dipto_ 43_jpg.rf.98c482cc8d23b986afebc9cd50a5a812.jpg,"[99, 238, 461, 512]",motorbike,0.83,99,238,461,512
Dipto_ 43_jpg.rf.98c482cc8d23b986afebc9cd50a5a812.jpg,"[195, 163, 216, 214]",motorbike,0.53,195,163,216,214
Dipto_ 43_jpg.rf.98c482cc8d23b986afebc9cd50a5a812.jpg,"[379, 121, 388, 143]",rickshaw,0.33,379,121,388,143
Dipto_ 65_jpg.rf.6d4c2caeaf8d278b7fd232321e33f13e.jpg,"[125, 328, 493, 511]",motorbike,0.92,125,328,493,511
Dipto_ 65_jpg.rf.6d4c2caeaf8d278b7fd232321e33f13e.jpg,"[107, 119, 208, 270]",truck,0.42,107,119,208,270
Dipto_ 69_jpg.rf.f63387d7e94e48d372f6b9726789a6c9.jpg,"[157, 295, 510, 512]",motorbike,0.96,157,295,510,512
Dipto_ 69_jpg.rf.f63387d7e94e48d372f6b9726789a6c9.jpg,"[267, 163, 287, 194]",sedan,0.91,267,163,287,194
Dipto_ 69_jpg.rf.f63387d7e94e48d372f6b9726789a6c9.jpg,"[286, 151, 296, 172]",truck,0.7,286,151,296,172
Dipto_ 69_jpg.rf.f63387d7e94e48d372f6b9726789a6c9.jpg,"[58, 1, 233, 295]",truck,0.56,58,1,233,295
Dipto_ 69_jpg.rf.f63387d7e94e48d372f6b9726789a6c9.jpg,"[59, 0, 232, 294]",pickup,0.51,59,0,232,294
Dipto_ 75_jpg.rf.758d82ed2fff7a6cb4f46fd65d63b7ce.jpg,"[148, 136, 257, 294]",truck,0.94,148,136,257,294
Dipto_ 75_jpg.rf.758d82ed2fff7a6cb4f46fd65d63b7ce.jpg,"[302, 195, 326, 231]",sedan,0.93,302,195,326,231
Dipto_ 75_jpg.rf.758d82ed2fff7a6cb4f46fd65d63b7ce.jpg,"[111, 353, 477, 512]",motorbike,0.89,111,353,477,512
Dipto_ 76_jpg.rf.b78b6699f41ae9e970c4a7a328dbd668.jpg,"[405, 216, 483, 303]",sedan,0.94,405,216,483,303
Dipto_ 76_jpg.rf.b78b6699f41ae9e970c4a7a328dbd668.jpg,"[200, 347, 510, 512]",motorbike,0.88,200,347,510,512
Dipto_ 76_jpg.rf.b78b6699f41ae9e970c4a7a328dbd668.jpg,"[344, 204, 352, 224]",bus,0.6,344,204,352,224
Dipto_ 82_jpg.rf.2d5c0253d582823dedbadb8d3d321b12.jpg,"[302, 27, 363, 156]",motorbike,0.93,302,27,363,156
Dipto_ 85_jpg.rf.54e281bcb25d1b645f7778d0cfe29dfc.jpg,"[282, 105, 291, 127]",three wheelers (CNG),0.85,282,105,291,127
Dipto_ 85_jpg.rf.54e281bcb25d1b645f7778d0cfe29dfc.jpg,"[420, 76, 451, 130]",motorbike,0.82,420,76,451,130
Dipto_ 85_jpg.rf.54e281bcb25d1b645f7778d0cfe29dfc.jpg,"[325, 92, 336, 124]",rickshaw,0.71,325,92,336,124
Dipto_ 85_jpg.rf.54e281bcb25d1b645f7778d0cfe29dfc.jpg,"[45, 228, 417, 512]",motorbike,0.68,45,228,417,512
Dipto_ 85_jpg.rf.54e281bcb25d1b645f7778d0cfe29dfc.jpg,"[291, 98, 303, 119]",human hauler,0.38,291,98,303,119
Dipto_15_jpg.rf.141a0505a5445b174fcb82c5d0d16114.jpg,"[0, 203, 103, 512]",suv,0.71,0,203,103,512
Dipto_15_jpg.rf.141a0505a5445b174fcb82c5d0d16114.jpg,"[239, 184, 269, 230]",psedan,0.42,239,184,269,230
Dipto_23_jpg.rf.d37759637593a73cb4f5d5e780f67530.jpg,"[315, 139, 417, 289]",truck,0.93,315,139,417,289
Dipto_23_jpg.rf.d37759637593a73cb4f5d5e780f67530.jpg,"[237, 176, 260, 220]",human hauler,0.42,237,176,260,220
Navid_03_jpg.rf.8a38e5a9541d32f373b8f9d845e4f3b6.jpg,"[272, 206, 414, 484]",three wheelers (CNG),0.95,272,206,414,484
Navid_03_jpg.rf.8a38e5a9541d32f373b8f9d845e4f3b6.jpg,"[279, 161, 307, 202]",three wheelers (CNG),0.95,279,161,307,202
Navid_03_jpg.rf.8a38e5a9541d32f373b8f9d845e4f3b6.jpg,"[95, 208, 281, 361]",sedan,0.9,95,208,281,361
Navid_03_jpg.rf.8a38e5a9541d32f373b8f9d845e4f3b6.jpg,"[37, 193, 168, 290]",sedan,0.89,37,193,168,290
Navid_03_jpg.rf.8a38e5a9541d32f373b8f9d845e4f3b6.jpg,"[441, 192, 508, 273]",sedan,0.89,441,192,508,273
Navid_03_jpg.rf.8a38e5a9541d32f373b8f9d845e4f3b6.jpg,"[0, 205, 83, 360]",sedan,0.86,0,205,83,360
Navid_03_jpg.rf.8a38e5a9541d32f373b8f9d845e4f3b6.jpg,"[145, 157, 166, 188]",minivan,0.76,145,157,166,188
Navid_03_jpg.rf.8a38e5a9541d32f373b8f9d845e4f3b6.jpg,"[484, 172, 512, 205]",sedan,0.67,484,172,512,205
Navid_03_jpg.rf.8a38e5a9541d32f373b8f9d845e4f3b6.jpg,"[101, 164, 147, 190]",sedan,0.53,101,164,147,190
Navid_03_jpg.rf.8a38e5a9541d32f373b8f9d845e4f3b6.jpg,"[349, 163, 425, 253]",suv,0.52,349,163,425,253
Navid_03_jpg.rf.8a38e5a9541d32f373b8f9d845e4f3b6.jpg,"[420, 180, 457, 230]",sedan,0.47,420,180,457,230
Navid_03_jpg.rf.8a38e5a9541d32f373b8f9d845e4f3b6.jpg,"[472, 154, 499, 187]",minivan,0.43,472,154,499,187
Navid_03_jpg.rf.8a38e5a9541d32f373b8f9d845e4f3b6.jpg,"[471, 156, 498, 186]",suv,0.36,471,156,498,186
Navid_17_jpg.rf.f0a46d3679698490b02a456676fc44eb.jpg,"[123, 264, 319, 455]",sedan,0.73,123,264,319,455
Navid_17_jpg.rf.f0a46d3679698490b02a456676fc44eb.jpg,"[287, 220, 489, 392]",minivan,0.47,287,220,489,392
Navid_19_jpg.rf.b5609c0ad77fbbca314b9e3145a885bf.jpg,"[219, 107, 439, 254]",sedan,0.95,219,107,439,254
Navid_19_jpg.rf.b5609c0ad77fbbca314b9e3145a885bf.jpg,"[191, 62, 239, 111]",sedan,0.85,191,62,239,111
Navid_19_jpg.rf.b5609c0ad77fbbca314b9e3145a885bf.jpg,"[88, 91, 230, 175]",sedan,0.74,88,91,230,175
Navid_19_jpg.rf.b5609c0ad77fbbca314b9e3145a885bf.jpg,"[0, 117, 319, 497]",sedan,0.6,0,117,319,497
Navid_19_jpg.rf.b5609c0ad77fbbca314b9e3145a885bf.jpg,"[304, 51, 344, 83]",sedan,0.59,304,51,344,83
Navid_19_jpg.rf.b5609c0ad77fbbca314b9e3145a885bf.jpg,"[444, 86, 512, 324]",sedan,0.53,444,86,512,324
Navid_19_jpg.rf.b5609c0ad77fbbca314b9e3145a885bf.jpg,"[226, 58, 272, 109]",sedan,0.52,226,58,272,109
Navid_19_jpg.rf.b5609c0ad77fbbca314b9e3145a885bf.jpg,"[246, 57, 301, 106]",sedan,0.47,246,57,301,106
Navid_19_jpg.rf.b5609c0ad77fbbca314b9e3145a885bf.jpg,"[163, 67, 212, 114]",sedan,0.46,163,67,212,114
Navid_19_jpg.rf.b5609c0ad77fbbca314b9e3145a885bf.jpg,"[364, 38, 430, 91]",suv,0.44,364,38,430,91
Navid_19_jpg.rf.b5609c0ad77fbbca314b9e3145a885bf.jpg,"[261, 73, 388, 127]",sedan,0.31,261,73,388,127
Navid_25_jpg.rf.5c63849af2ce5307d51a4acebfa9c249.jpg,"[373, 181, 512, 373]",sedan,0.9,373,181,512,373
Navid_25_jpg.rf.5c63849af2ce5307d51a4acebfa9c249.jpg,"[175, 204, 506, 512]",three wheelers (CNG),0.83,175,204,506,512
Navid_25_jpg.rf.5c63849af2ce5307d51a4acebfa9c249.jpg,"[95, 44, 284, 320]",bus,0.53,95,44,284,320
Navid_25_jpg.rf.5c63849af2ce5307d51a4acebfa9c249.jpg,"[87, 120, 97, 178]",minivan,0.3,87,120,97,178
Navid_33_jpg.rf.4cb7360bf2798b744818265b7d676e2a.jpg,"[9, 57, 89, 148]",bus,0.9,9,57,89,148
Navid_33_jpg.rf.4cb7360bf2798b744818265b7d676e2a.jpg,"[87, 111, 152, 294]",rickshaw,0.88,87,111,152,294
Navid_33_jpg.rf.4cb7360bf2798b744818265b7d676e2a.jpg,"[0, 141, 71, 265]",sedan,0.54,0,141,71,265
Navid_36_jpg.rf.774fe1be3e1b5ab79948c8fd3aaf3879.jpg,"[358, 186, 403, 291]",rickshaw,0.86,358,186,403,291
Navid_36_jpg.rf.774fe1be3e1b5ab79948c8fd3aaf3879.jpg,"[2, 152, 36, 194]",bus,0.86,2,152,36,194
Navid_36_jpg.rf.774fe1be3e1b5ab79948c8fd3aaf3879.jpg,"[356, 152, 433, 222]",bus,0.78,356,152,433,222
Navid_36_jpg.rf.774fe1be3e1b5ab79948c8fd3aaf3879.jpg,"[34, 149, 83, 190]",bus,0.76,34,149,83,190
Navid_36_jpg.rf.774fe1be3e1b5ab79948c8fd3aaf3879.jpg,"[25, 186, 57, 251]",three wheelers (CNG),0.75,25,186,57,251
Navid_36_jpg.rf.774fe1be3e1b5ab79948c8fd3aaf3879.jpg,"[100, 172, 110, 194]",sedan,0.68,100,172,110,194
Navid_36_jpg.rf.774fe1be3e1b5ab79948c8fd3aaf3879.jpg,"[250, 130, 325, 299]",bus,0.67,250,130,325,299
Navid_36_jpg.rf.774fe1be3e1b5ab79948c8fd3aaf3879.jpg,"[503, 189, 512, 239]",three wheelers (CNG),0.65,503,189,512,239
Navid_36_jpg.rf.774fe1be3e1b5ab79948c8fd3aaf3879.jpg,"[119, 99, 259, 328]",truck,0.46,119,99,259,328
Navid_36_jpg.rf.774fe1be3e1b5ab79948c8fd3aaf3879.jpg,"[121, 99, 257, 326]",pickup,0.42,121,99,257,326
Navid_36_jpg.rf.774fe1be3e1b5ab79948c8fd3aaf3879.jpg,"[37, 151, 81, 192]",minibus,0.35,37,151,81,192
Navid_53_jpg.rf.75541e4eb4248eb3a3b8f96afa2700e5.jpg,"[96, 28, 261, 258]",bus,0.94,96,28,261,258
Navid_53_jpg.rf.75541e4eb4248eb3a3b8f96afa2700e5.jpg,"[54, 155, 98, 282]",motorbike,0.85,54,155,98,282
Navid_53_jpg.rf.75541e4eb4248eb3a3b8f96afa2700e5.jpg,"[0, 101, 36, 162]",minivan,0.75,0,101,36,162
Navid_53_jpg.rf.75541e4eb4248eb3a3b8f96afa2700e5.jpg,"[26, 101, 46, 135]",sedan,0.74,26,101,46,135
Navid_53_jpg.rf.75541e4eb4248eb3a3b8f96afa2700e5.jpg,"[263, 124, 314, 237]",rickshaw,0.65,263,124,314,237
Navid_53_jpg.rf.75541e4eb4248eb3a3b8f96afa2700e5.jpg,"[398, 110, 419, 151]",rickshaw,0.61,398,110,419,151
Navid_53_jpg.rf.75541e4eb4248eb3a3b8f96afa2700e5.jpg,"[418, 229, 512, 504]",rickshaw,0.52,418,229,512,504
Navid_53_jpg.rf.75541e4eb4248eb3a3b8f96afa2700e5.jpg,"[476, 138, 512, 298]",rickshaw,0.5,476,138,512,298
Navid_53_jpg.rf.75541e4eb4248eb3a3b8f96afa2700e5.jpg,"[250, 112, 265, 166]",rickshaw,0.43,250,112,265,166
Navid_53_jpg.rf.75541e4eb4248eb3a3b8f96afa2700e5.jpg,"[68, 83, 89, 119]",bus,0.42,68,83,89,119
Navid_53_jpg.rf.75541e4eb4248eb3a3b8f96afa2700e5.jpg,"[84, 99, 98, 157]",suv,0.37,84,99,98,157
Navid_53_jpg.rf.75541e4eb4248eb3a3b8f96afa2700e5.jpg,"[82, 73, 98, 92]",bus,0.36,82,73,98,92
Navid_53_jpg.rf.75541e4eb4248eb3a3b8f96afa2700e5.jpg,"[370, 118, 394, 187]",rickshaw,0.36,370,118,394,187
Navid_53_jpg.rf.75541e4eb4248eb3a3b8f96afa2700e5.jpg,"[282, 106, 297, 133]",rickshaw,0.32,282,106,297,133
Navid_53_jpg.rf.75541e4eb4248eb3a3b8f96afa2700e5.jpg,"[68, 83, 89, 114]",bus,0.31,68,83,89,114
Navid_60_jpg.rf.3498dd4bbf2318d4948b2be44c455b64.jpg,"[120, 78, 181, 165]",bus,0.94,120,78,181,165
Navid_60_jpg.rf.3498dd4bbf2318d4948b2be44c455b64.jpg,"[87, 131, 128, 212]",three wheelers (CNG),0.91,87,131,128,212
Navid_60_jpg.rf.3498dd4bbf2318d4948b2be44c455b64.jpg,"[103, 174, 213, 322]",sedan,0.88,103,174,213,322
Navid_60_jpg.rf.3498dd4bbf2318d4948b2be44c455b64.jpg,"[75, 76, 114, 133]",bus,0.86,75,76,114,133
Navid_60_jpg.rf.3498dd4bbf2318d4948b2be44c455b64.jpg,"[253, 3, 507, 512]",suv,0.71,253,3,507,512
Navid_60_jpg.rf.3498dd4bbf2318d4948b2be44c455b64.jpg,"[15, 111, 36, 145]",three wheelers (CNG),0.69,15,111,36,145
Navid_60_jpg.rf.3498dd4bbf2318d4948b2be44c455b64.jpg,"[81, 116, 119, 163]",three wheelers (CNG),0.67,81,116,119,163
Navid_60_jpg.rf.3498dd4bbf2318d4948b2be44c455b64.jpg,"[146, 115, 242, 240]",suv,0.5,146,115,242,240
Navid_60_jpg.rf.3498dd4bbf2318d4948b2be44c455b64.jpg,"[0, 140, 31, 210]",sedan,0.47,0,140,31,210
Navid_60_jpg.rf.3498dd4bbf2318d4948b2be44c455b64.jpg,"[248, 111, 261, 159]",rickshaw,0.39,248,111,261,159
Navid_60_jpg.rf.3498dd4bbf2318d4948b2be44c455b64.jpg,"[67, 93, 78, 123]",bus,0.35,67,93,78,123
Navid_60_jpg.rf.3498dd4bbf2318d4948b2be44c455b64.jpg,"[69, 105, 78, 132]",minivan,0.33,69,105,78,132
Navid_67_jpg.rf.15d1f613b83f9b0e922a31f6e29936a4.jpg,"[172, 164, 325, 429]",three wheelers (CNG),0.93,172,164,325,429
Navid_67_jpg.rf.15d1f613b83f9b0e922a31f6e29936a4.jpg,"[272, 133, 332, 231]",three wheelers (CNG),0.88,272,133,332,231
Navid_67_jpg.rf.15d1f613b83f9b0e922a31f6e29936a4.jpg,"[325, 135, 365, 209]",sedan,0.84,325,135,365,209
Navid_67_jpg.rf.15d1f613b83f9b0e922a31f6e29936a4.jpg,"[317, 169, 423, 484]",rickshaw,0.83,317,169,423,484
Navid_67_jpg.rf.15d1f613b83f9b0e922a31f6e29936a4.jpg,"[445, 129, 470, 203]",rickshaw,0.83,445,129,470,203
Navid_67_jpg.rf.15d1f613b83f9b0e922a31f6e29936a4.jpg,"[497, 144, 512, 224]",rickshaw,0.77,497,144,512,224
Navid_67_jpg.rf.15d1f613b83f9b0e922a31f6e29936a4.jpg,"[359, 124, 386, 172]",sedan,0.7,359,124,386,172
Navid_67_jpg.rf.15d1f613b83f9b0e922a31f6e29936a4.jpg,"[0, 188, 153, 508]",rickshaw,0.66,0,188,153,508
Navid_67_jpg.rf.15d1f613b83f9b0e922a31f6e29936a4.jpg,"[378, 97, 451, 218]",minibus,0.4,378,97,451,218
Navid_67_jpg.rf.15d1f613b83f9b0e922a31f6e29936a4.jpg,"[143, 151, 284, 303]",minivan,0.38,143,151,284,303
Navid_67_jpg.rf.15d1f613b83f9b0e922a31f6e29936a4.jpg,"[287, 109, 337, 152]",van,0.37,287,109,337,152
Navid_67_jpg.rf.15d1f613b83f9b0e922a31f6e29936a4.jpg,"[458, 95, 472, 123]",bus,0.3,458,95,472,123
Navid_74_jpg.rf.7a1bcd5b091cfec724213626e6803889.jpg,"[3, 8, 156, 512]",rickshaw,0.83,3,8,156,512
Navid_74_jpg.rf.7a1bcd5b091cfec724213626e6803889.jpg,"[111, 1, 169, 177]",rickshaw,0.8,111,1,169,177
Shykat_02_011_jpg.rf.ab1c6381f2bd853100aaeba8fcb83f47.jpg,"[379, 275, 512, 503]",three wheelers (CNG),0.8,379,275,512,503
Shykat_02_011_jpg.rf.ab1c6381f2bd853100aaeba8fcb83f47.jpg,"[298, 319, 304, 341]",motorbike,0.4,298,319,304,341
Shykat_02_011_jpg.rf.ab1c6381f2bd853100aaeba8fcb83f47.jpg,"[314, 313, 335, 350]",three wheelers (CNG),0.37,314,313,335,350
Shykat_02_013_jpg.rf.e619ac6063eb950b22334a6186f67f94.jpg,"[264, 311, 271, 331]",motorbike,0.34,264,311,271,331
Shykat_02_021_jpg.rf.2ca56df755308ef5b84f4ddb644e8b56.jpg,"[202, 272, 233, 395]",motorbike,0.89,202,272,233,395
Shykat_02_021_jpg.rf.2ca56df755308ef5b84f4ddb644e8b56.jpg,"[277, 308, 292, 327]",psedan,0.53,277,308,292,327
Shykat_02_021_jpg.rf.2ca56df755308ef5b84f4ddb644e8b56.jpg,"[273, 309, 283, 324]",psedan,0.35,273,309,283,324
Shykat_03_002_jpg.rf.19cf258e2f366b35baf7742ae0db7785.jpg,"[404, 338, 420, 378]",motorbike,0.88,404,338,420,378
Shykat_03_002_jpg.rf.19cf258e2f366b35baf7742ae0db7785.jpg,"[319, 335, 337, 380]",bicycle,0.79,319,335,337,380
Shykat_03_002_jpg.rf.19cf258e2f366b35baf7742ae0db7785.jpg,"[360, 334, 392, 386]",psedan,0.75,360,334,392,386
Shykat_03_002_jpg.rf.19cf258e2f366b35baf7742ae0db7785.jpg,"[71, 263, 254, 512]",minivan,0.61,71,263,254,512
Shykat_03_002_jpg.rf.19cf258e2f366b35baf7742ae0db7785.jpg,"[272, 338, 285, 382]",bicycle,0.53,272,338,285,382
Shykat_03_002_jpg.rf.19cf258e2f366b35baf7742ae0db7785.jpg,"[0, 331, 19, 389]",suv,0.48,0,331,19,389
Shykat_03_002_jpg.rf.19cf258e2f366b35baf7742ae0db7785.jpg,"[481, 330, 512, 364]",suv,0.44,481,330,512,364
Shykat_03_018_jpg.rf.ea53c1e66821b4f7ad051cff5b02c627.jpg,"[42, 344, 114, 404]",psedan,0.92,42,344,114,404
Shykat_03_018_jpg.rf.ea53c1e66821b4f7ad051cff5b02c627.jpg,"[148, 339, 178, 389]",three wheelers (CNG),0.92,148,339,178,389
Shykat_03_018_jpg.rf.ea53c1e66821b4f7ad051cff5b02c627.jpg,"[112, 345, 147, 382]",psedan,0.92,112,345,147,382
Shykat_03_018_jpg.rf.ea53c1e66821b4f7ad051cff5b02c627.jpg,"[324, 338, 373, 372]",psedan,0.79,324,338,373,372
Shykat_03_018_jpg.rf.ea53c1e66821b4f7ad051cff5b02c627.jpg,"[202, 329, 258, 399]",minivan,0.39,202,329,258,399
Shykat_03_018_jpg.rf.ea53c1e66821b4f7ad051cff5b02c627.jpg,"[201, 332, 257, 399]",suv,0.31,201,332,257,399
Shykat_03_023_jpg.rf.52fd44dc3cc669d858dfb97344ae2af2.jpg,"[139, 338, 191, 425]",psedan,0.91,139,338,191,425
Shykat_03_023_jpg.rf.52fd44dc3cc669d858dfb97344ae2af2.jpg,"[225, 250, 393, 508]",minivan,0.77,225,250,393,508
Shykat_03_023_jpg.rf.52fd44dc3cc669d858dfb97344ae2af2.jpg,"[0, 335, 101, 508]",psedan,0.74,0,335,101,508
Shykat_03_023_jpg.rf.52fd44dc3cc669d858dfb97344ae2af2.jpg,"[207, 338, 235, 377]",suv,0.73,207,338,235,377
Shykat_03_023_jpg.rf.52fd44dc3cc669d858dfb97344ae2af2.jpg,"[172, 330, 199, 388]",suv,0.63,172,330,199,388
Shykat_03_023_jpg.rf.52fd44dc3cc669d858dfb97344ae2af2.jpg,"[197, 346, 206, 369]",psedan,0.57,197,346,206,369
Shykat_03_034_jpg.rf.1d396cae5d38e3017aa519f9963ac8c7.jpg,"[174, 332, 196, 428]",motorbike,0.91,174,332,196,428
Shykat_03_034_jpg.rf.1d396cae5d38e3017aa519f9963ac8c7.jpg,"[255, 347, 267, 367]",psedan,0.9,255,347,267,367
Shykat_03_034_jpg.rf.1d396cae5d38e3017aa519f9963ac8c7.jpg,"[308, 310, 512, 512]",psedan,0.87,308,310,512,512
Shykat_03_036_jpg.rf.f3f9c90a59f1a919744adeb74a7684e0.jpg,"[203, 349, 223, 382]",psedan,0.91,203,349,223,382
Shykat_03_036_jpg.rf.f3f9c90a59f1a919744adeb74a7684e0.jpg,"[337, 326, 355, 359]",three wheelers (CNG),0.74,337,326,355,359
Shykat_03_036_jpg.rf.f3f9c90a59f1a919744adeb74a7684e0.jpg,"[262, 344, 281, 371]",psedan,0.53,262,344,281,371
Shykat_03_036_jpg.rf.f3f9c90a59f1a919744adeb74a7684e0.jpg,"[161, 357, 170, 376]",psedan,0.47,161,357,170,376
Shykat_4_ (15)_jpg.rf.b2fb13fc8feb94d97c56c20f3993c24d.jpg,"[351, 164, 358, 191]",motorbike,0.53,351,164,358,191
Shykat_4_ (15)_jpg.rf.b2fb13fc8feb94d97c56c20f3993c24d.jpg,"[324, 172, 335, 184]",psedan,0.45,324,172,335,184
Shykat_4_ (37)_jpg.rf.3f3eaab3a75ed6abdbc6ecff9bcd319b.jpg,"[148, 179, 218, 312]",three wheelers (CNG),0.95,148,179,218,312
Shykat_4_ (37)_jpg.rf.3f3eaab3a75ed6abdbc6ecff9bcd319b.jpg,"[232, 137, 335, 295]",psedan,0.91,232,137,335,295
Shykat_4_ (37)_jpg.rf.3f3eaab3a75ed6abdbc6ecff9bcd319b.jpg,"[367, 98, 386, 138]",three wheelers (CNG),0.88,367,98,386,138
Shykat_4_ (37)_jpg.rf.3f3eaab3a75ed6abdbc6ecff9bcd319b.jpg,"[408, 87, 434, 115]",three wheelers (CNG),0.54,408,87,434,115
Shykat_4_ (38)_jpg.rf.8eb3aaadea227dd2d150476e83a6553d.jpg,"[240, 147, 331, 293]",psedan,0.88,240,147,331,293
Shykat_4_ (38)_jpg.rf.8eb3aaadea227dd2d150476e83a6553d.jpg,"[488, 72, 510, 113]",psedan,0.79,488,72,510,113
Shykat_4_ (38)_jpg.rf.8eb3aaadea227dd2d150476e83a6553d.jpg,"[306, 139, 327, 172]",three wheelers (CNG),0.58,306,139,327,172
Shykat_4_ (38)_jpg.rf.8eb3aaadea227dd2d150476e83a6553d.jpg,"[324, 131, 343, 154]",psedan,0.54,324,131,343,154
Shykat_4_ (38)_jpg.rf.8eb3aaadea227dd2d150476e83a6553d.jpg,"[322, 130, 342, 155]",suv,0.46,322,130,342,155
Shykat_4_ (38)_jpg.rf.8eb3aaadea227dd2d150476e83a6553d.jpg,"[391, 109, 402, 142]",rickshaw,0.36,391,109,402,142
Shykat_4_ (41)_jpg.rf.6fcbe2b652f70986987fe3fa30be1a71.jpg,"[366, 87, 492, 278]",psedan,0.93,366,87,492,278
Shykat_4_ (41)_jpg.rf.6fcbe2b652f70986987fe3fa30be1a71.jpg,"[266, 101, 322, 226]",three wheelers (CNG),0.92,266,101,322,226
Shykat_4_ (41)_jpg.rf.6fcbe2b652f70986987fe3fa30be1a71.jpg,"[321, 115, 331, 153]",motorbike,0.74,321,115,331,153
Shykat_4_ (41)_jpg.rf.6fcbe2b652f70986987fe3fa30be1a71.jpg,"[350, 94, 364, 123]",truck,0.62,350,94,364,123
Shykat_4_ (41)_jpg.rf.6fcbe2b652f70986987fe3fa30be1a71.jpg,"[330, 112, 352, 144]",psedan,0.47,330,112,352,144
Shykat_4_ (42)_jpg.rf.8fe3ffb1f6e899c560f48b912d7dab2b.jpg,"[338, 77, 448, 263]",psedan,0.91,338,77,448,263
Shykat_4_ (42)_jpg.rf.8fe3ffb1f6e899c560f48b912d7dab2b.jpg,"[447, 76, 461, 99]",sedan,0.47,447,76,461,99
Shykat_4_ (42)_jpg.rf.8fe3ffb1f6e899c560f48b912d7dab2b.jpg,"[425, 78, 448, 111]",sedan,0.44,425,78,448,111
Shykat_4_ (42)_jpg.rf.8fe3ffb1f6e899c560f48b912d7dab2b.jpg,"[424, 82, 448, 113]",psedan,0.3,424,82,448,113
Shykat_4_ (46)_jpg.rf.302b39f01a7e0da69a0239f3dd14eb9f.jpg,"[372, 96, 443, 198]",psedan,0.93,372,96,443,198
Shykat_4_ (46)_jpg.rf.302b39f01a7e0da69a0239f3dd14eb9f.jpg,"[304, 95, 352, 262]",motorbike,0.93,304,95,352,262
Shykat_4_ (46)_jpg.rf.302b39f01a7e0da69a0239f3dd14eb9f.jpg,"[358, 64, 395, 146]",truck,0.78,358,64,395,146
Shykat_4_ (46)_jpg.rf.302b39f01a7e0da69a0239f3dd14eb9f.jpg,"[295, 116, 314, 184]",motorbike,0.66,295,116,314,184
Shykat_4_ (46)_jpg.rf.302b39f01a7e0da69a0239f3dd14eb9f.jpg,"[347, 109, 359, 141]",rickshaw,0.63,347,109,359,141
Shykat_4_ (56)_jpg.rf.67406aa2f14dc05641ce930d5a600b52.jpg,"[385, 128, 400, 157]",human hauler,0.35,385,128,400,157
